	Unnamed							
Time	ax	ay	az	qx	qy	qz	qw
0,000	0,839	-0,670	0,062	0,900	0,103	0,240	0,355
0,016	0,916	-0,497	0,080	0,903	0,110	0,255	0,334
0,032	0,907	-0,284	0,090	0,904	0,114	0,274	0,314
0,048	0,856	-0,099	0,071	0,903	0,114	0,291	0,299
0,064	0,814	0,053	0,055	0,902	0,109	0,310	0,286
0,080	0,804	0,150	0,093	0,898	0,100	0,331	0,274
0,096	0,818	0,187	0,213	0,893	0,088	0,355	0,262
0,112	0,823	0,186	0,408	0,886	0,073	0,383	0,249
0,128	0,785	0,166	0,657	0,875	0,055	0,416	0,236
0,144	0,672	0,129	0,934	0,861	0,034	0,453	0,222
0,160	0,474	0,085	1,219	0,842	0,011	0,493	0,207
0,176	0,204	0,025	1,464	0,821	-0,016	0,534	0,193
0,192	-0,110	-0,064	1,572	0,797	-0,045	0,574	0,179
0,208	-0,434	-0,179	1,473	0,772	-0,077	0,609	0,165
0,224	-0,717	-0,313	1,172	0,747	-0,112	0,640	0,151
0,240	-0,903	-0,449	0,739	0,721	-0,148	0,665	0,138
0,256	-0,947	-0,537	0,258	0,694	-0,185	0,687	0,125
0,272	-0,868	-0,559	-0,191	0,664	-0,222	0,707	0,112
0,288	-0,747	-0,543	-0,576	0,631	-0,259	0,726	0,099
0,304	-0,634	-0,500	-0,931	0,593	-0,294	0,745	0,086
0,320	-0,542	-0,412	-1,293	0,552	-0,328	0,763	0,073
0,336	-0,478	-0,250	-1,645	0,511	-0,359	0,779	0,060
0,352	-0,428	-0,013	-1,934	0,471	-0,386	0,793	0,050
0,368	-0,364	0,256	-2,110	0,435	-0,408	0,804	0,043
0,384	-0,243	0,499	-2,149	0,407	-0,426	0,811	0,038
0,400	-0,036	0,664	-2,058	0,388	-0,438	0,815	0,036
0,416	0,290	0,720	-1,858	0,377	-0,446	0,815	0,035
0,432	0,635	0,654	-1,650	0,376	-0,448	0,813	0,037
0,448	0,968	0,506	-1,469	0,382	-0,448	0,809	0,040
0,464	1,223	0,321	-1,345	0,393	-0,445	0,804	0,045
0,480	1,350	0,145	-1,295	0,407	-0,441	0,798	0,054
0,496	1,310	0,007	-1,328	0,423	-0,436	0,791	0,066
0,512	1,096	-0,084	-1,448	0,440	-0,431	0,783	0,080
0,528	0,738	-0,136	-1,644	0,457	-0,426	0,774	0,099
0,544	0,288	-0,159	-1,877	0,476	-0,421	0,762	0,119
0,560	-0,194	-0,172	-2,093	0,497	-0,416	0,748	0,142
0,576	-0,656	-0,201	-2,259	0,520	-0,410	0,730	0,167
0,592	-1,065	-0,264	-2,372	0,546	-0,402	0,708	0,192
0,608	-1,414	-0,360	-2,442	0,575	-0,394	0,682	0,219
0,624	-1,729	-0,474	-2,457	0,606	-0,383	0,650	0,246
0,640	-2,054	-0,592	-2,395	0,637	-0,369	0,615	0,276
0,656	-2,428	-0,716	-2,212	0,668	-0,351	0,576	0,308
0,672	-2,834	-0,843	-1,843	0,696	-0,328	0,536	0,343
0,688	-3,183	-0,948	-1,215	0,720	-0,297	0,496	0,379
0,704	-3,312	-0,986	-0,298	0,740	-0,259	0,458	0,417
0,720	-3,074	-0,892	0,819	0,754	-0,211	0,422	0,455
0,736	-2,421	-0,621	1,945	0,763	-0,157	0,389	0,490
0,752	-1,412	-0,193	2,859	0,769	-0,098	0,357	0,521
0,768	-0,213	0,294	3,390	0,771	-0,039	0,328	0,546
0,784	1,085	0,747	3,471	0,772	0,022	0,298	0,567
0,800	2,030	0,980	3,169	0,772	0,067	0,274	0,578
0,816	2,700	1,059	2,657	0,772	0,101	0,254	0,584
0,832	3,164	1,046	2,069	0,772	0,123	0,239	0,586
0,848	3,530	0,987	1,514	0,773	0,132	0,229	0,585
0,864	3,456	0,900	1,173	0,773	0,126	0,224	0,585
0,880	2,694	0,684	1,105	0,773	0,109	0,221	0,586
0,896	1,386	0,358	1,175	0,773	0,083	0,218	0,589
0,912	-0,027	0,068	1,339	0,773	0,057	0,215	0,591
0,928	-1,136	-0,083	1,537	0,775	0,035	0,214	0,592
0,944	-1,755	-0,080	1,691	0,777	0,024	0,217	0,589
0,960	-1,858	0,044	1,747	0,782	0,024	0,222	0,581
0,976	-1,543	0,230	1,663	0,790	0,033	0,229	0,567
0,992	-0,968	0,410	1,435	0,800	0,048	0,236	0,547
1,008	-0,297	0,517	1,123	0,813	0,065	0,243	0,523
1,024	0,337	0,510	0,812	0,828	0,079	0,249	0,495
1,040	0,841	0,373	0,550	0,844	0,089	0,254	0,464
1,056	1,166	0,133	0,343	0,859	0,093	0,257	0,433
1,072	1,322	-0,150	0,185	0,874	0,092	0,260	0,404
1,088	1,346	-0,392	0,057	0,886	0,088	0,262	0,377
1,104	1,293	-0,541	-0,034	0,896	0,081	0,267	0,352
1,120	1,202	-0,594	-0,077	0,902	0,073	0,275	0,331
1,136	1,096	-0,566	-0,060	0,904	0,062	0,288	0,313
1,152	0,992	-0,482	0,027	0,903	0,049	0,308	0,299
1,168	0,886	-0,354	0,193	0,897	0,033	0,335	0,285
1,184	0,779	-0,242	0,378	0,889	0,016	0,364	0,276
1,200	0,634	-0,166	0,573	0,877	-0,004	0,396	0,269
1,216	0,433	-0,132	0,753	0,862	-0,026	0,430	0,264
1,232	0,184	-0,124	0,897	0,844	-0,050	0,465	0,260
1,248	-0,084	-0,118	0,984	0,823	-0,076	0,501	0,256
1,264	-0,344	-0,100	1,027	0,798	-0,102	0,537	0,253
1,280	-0,573	-0,085	1,036	0,770	-0,129	0,572	0,249
1,296	-0,761	-0,094	0,958	0,741	-0,156	0,606	0,245
1,312	-0,896	-0,127	0,744	0,712	-0,184	0,636	0,240
1,328	-0,964	-0,172	0,412	0,683	-0,211	0,662	0,233
1,344	-0,950	-0,213	0,040	0,656	-0,237	0,684	0,225
1,360	-0,866	-0,250	-0,316	0,628	-0,263	0,704	0,214
1,376	-0,730	-0,283	-0,648	0,599	-0,288	0,722	0,203
1,392	-0,568	-0,290	-0,928	0,568	-0,312	0,739	0,191
1,408	-0,395	-0,244	-1,137	0,537	-0,335	0,755	0,178
1,424	-0,234	-0,140	-1,299	0,504	-0,356	0,770	0,167
1,440	-0,111	0,014	-1,439	0,472	-0,377	0,783	0,155
1,456	-0,022	0,197	-1,573	0,442	-0,396	0,793	0,144
1,472	0,057	0,370	-1,714	0,416	-0,412	0,801	0,134
1,488	0,150	0,503	-1,845	0,396	-0,426	0,806	0,125
1,504	0,268	0,568	-1,933	0,383	-0,437	0,808	0,117
1,520	0,420	0,549	-1,964	0,377	-0,445	0,807	0,111
1,536	0,619	0,434	-1,943	0,380	-0,449	0,803	0,106
1,552	0,799	0,270	-1,910	0,390	-0,450	0,797	0,104
1,568	0,934	0,082	-1,908	0,407	-0,449	0,789	0,105
1,584	0,970	-0,095	-1,958	0,428	-0,446	0,778	0,110
1,600	0,871	-0,242	-2,053	0,452	-0,442	0,764	0,119
1,616	0,631	-0,342	-2,162	0,478	-0,437	0,749	0,131
1,632	0,272	-0,393	-2,255	0,505	-0,431	0,731	0,148
1,648	-0,164	-0,397	-2,304	0,533	-0,425	0,711	0,169
1,664	-0,631	-0,368	-2,300	0,560	-0,417	0,689	0,192
1,680	-1,089	-0,329	-2,271	0,587	-0,408	0,663	0,218
1,696	-1,985	-0,352	-2,279	0,643	-0,386	0,602	0,272
1,712	-2,457	-0,465	-2,255	0,670	-0,370	0,567	0,302
1,728	-2,928	-0,656	-2,065	0,697	-0,347	0,531	0,333
1,744	-3,305	-0,888	-1,570	0,720	-0,315	0,495	0,367
1,760	-3,449	-1,047	-0,696	0,739	-0,272	0,461	0,403
1,776	-3,228	-1,009	0,481	0,754	-0,218	0,431	0,438
1,792	-2,590	-0,737	1,734	0,765	-0,156	0,401	0,472
1,808	-1,588	-0,303	2,795	0,772	-0,089	0,374	0,501
1,824	-0,353	0,161	3,477	0,777	-0,022	0,346	0,524
1,840	0,936	0,554	3,692	0,780	0,040	0,319	0,541
1,856	2,093	0,835	3,472	0,781	0,093	0,294	0,551
1,872	2,971	1,001	2,940	0,783	0,132	0,270	0,557
1,888	3,566	1,028	2,175	0,783	0,159	0,246	0,561
1,904	3,829	0,904	1,509	0,783	0,166	0,228	0,565
1,920	3,685	0,754	1,107	0,782	0,157	0,214	0,571
1,936	2,885	0,611	1,117	0,780	0,134	0,203	0,578
1,952	1,620	0,488	1,438	0,777	0,103	0,195	0,587
1,968	0,258	0,387	1,879	0,776	0,069	0,190	0,595
1,984	-0,864	0,317	2,284	0,776	0,041	0,188	0,599
2,000	-1,564	0,281	2,508	0,779	0,023	0,189	0,597
2,016	-1,789	0,284	2,479	0,784	0,015	0,192	0,590
2,032	-1,594	0,325	2,205	0,793	0,018	0,196	0,577
2,048	-1,104	0,377	1,753	0,805	0,029	0,201	0,557
2,064	-0,463	0,392	1,238	0,819	0,042	0,207	0,534
2,080	0,179	0,319	0,761	0,834	0,055	0,212	0,507
2,096	0,711	0,149	0,376	0,849	0,065	0,218	0,478
2,112	1,070	-0,082	0,100	0,863	0,071	0,222	0,449
2,128	1,266	-0,317	-0,056	0,876	0,072	0,228	0,421
2,144	1,338	-0,496	-0,109	0,887	0,069	0,237	0,395
2,160	1,319	-0,579	-0,091	0,894	0,063	0,249	0,370
2,176	1,248	-0,560	-0,013	0,898	0,054	0,268	0,348
2,192	1,152	-0,468	0,132	0,898	0,042	0,292	0,328
2,208	1,039	-0,350	0,350	0,893	0,027	0,322	0,311
2,224	0,901	-0,258	0,618	0,885	0,010	0,357	0,295
2,240	0,722	-0,218	0,889	0,873	-0,012	0,394	0,282
2,256	0,492	-0,237	1,112	0,859	-0,038	0,430	0,271
2,272	0,188	-0,300	1,239	0,840	-0,071	0,469	0,261
2,288	-0,106	-0,370	1,228	0,820	-0,104	0,502	0,253
2,304	-0,389	-0,437	1,116	0,798	-0,139	0,534	0,245
2,320	-0,640	-0,486	0,921	0,772	-0,176	0,563	0,237
2,336	-0,850	-0,511	0,656	0,745	-0,213	0,591	0,227
2,352	-1,008	-0,510	0,328	0,715	-0,251	0,617	0,216
2,368	-1,089	-0,482	-0,044	0,683	-0,288	0,641	0,204
2,384	-1,089	-0,434	-0,418	0,650	-0,324	0,662	0,189
2,400	-1,019	-0,367	-0,755	0,615	-0,358	0,683	0,173
2,416	-0,898	-0,259	-1,045	0,578	-0,389	0,702	0,156
2,432	-0,769	-0,097	-1,288	0,540	-0,418	0,719	0,139
2,448	-0,667	0,112	-1,488	0,501	-0,443	0,735	0,123
2,464	-0,596	0,349	-1,659	0,464	-0,464	0,749	0,109
2,480	-0,529	0,579	-1,801	0,430	-0,482	0,761	0,095
2,496	-0,414	0,754	-1,903	0,401	-0,496	0,770	0,082
2,512	-0,206	0,831	-1,958	0,379	-0,506	0,776	0,068
2,528	0,097	0,795	-1,959	0,364	-0,512	0,779	0,055
2,544	0,463	0,667	-1,911	0,357	-0,515	0,781	0,043
2,560	0,835	0,487	-1,835	0,357	-0,515	0,781	0,033
2,576	1,165	0,295	-1,773	0,363	-0,513	0,779	0,026
2,592	1,401	0,122	-1,765	0,374	-0,508	0,776	0,024
2,608	1,492	-0,013	-1,818	0,389	-0,503	0,771	0,027
2,624	1,408	-0,105	-1,909	0,406	-0,496	0,766	0,036
2,640	1,115	-0,166	-2,027	0,428	-0,489	0,758	0,053
2,656	0,712	-0,200	-2,133	0,449	-0,481	0,748	0,073
2,672	0,223	-0,228	-2,228	0,471	-0,473	0,737	0,098
2,688	-0,302	-0,256	-2,294	0,495	-0,465	0,722	0,126
2,704	-0,811	-0,283	-2,314	0,521	-0,456	0,703	0,156
2,720	-1,263	-0,303	-2,297	0,550	-0,445	0,681	0,187
2,736	-1,654	-0,323	-2,259	0,580	-0,433	0,654	0,218
2,752	-2,007	-0,359	-2,196	0,611	-0,418	0,623	0,250
2,768	-2,356	-0,426	-2,067	0,642	-0,400	0,589	0,282
2,784	-2,710	-0,527	-1,797	0,672	-0,376	0,553	0,315
2,800	-3,032	-0,640	-1,299	0,700	-0,345	0,518	0,349
2,816	-3,216	-0,703	-0,525	0,724	-0,307	0,484	0,383
2,832	-3,123	-0,632	0,483	0,744	-0,260	0,452	0,416
2,848	-2,648	-0,393	1,589	0,761	-0,206	0,422	0,446
2,864	-1,795	-0,059	2,579	0,774	-0,148	0,394	0,472
2,880	-0,679	0,240	3,247	0,786	-0,090	0,366	0,491
2,896	0,519	0,414	3,486	0,797	-0,037	0,337	0,504
2,912	1,610	0,441	3,308	0,807	0,009	0,307	0,512
2,928	2,445	0,354	2,810	0,815	0,044	0,279	0,516
2,944	2,969	0,197	2,143	0,821	0,067	0,252	0,518
2,960	3,248	0,017	1,483	0,824	0,080	0,230	0,521
2,976	3,379	-0,084	0,996	0,824	0,082	0,213	0,526
2,992	3,085	-0,071	0,895	0,820	0,075	0,201	0,535
3,008	2,090	0,026	1,151	0,813	0,057	0,191	0,548
3,024	0,825	0,159	1,547	0,805	0,037	0,183	0,561
3,040	-0,368	0,340	1,959	0,799	0,019	0,177	0,573
3,056	-1,184	0,543	2,256	0,795	0,006	0,174	0,581
3,072	-1,498	0,724	2,375	0,794	0,002	0,175	0,582
3,088	-1,346	0,840	2,298	0,798	0,007	0,178	0,575
3,104	-0,870	0,870	2,039	0,806	0,018	0,184	0,561
3,120	-0,261	0,802	1,654	0,818	0,032	0,191	0,540
3,136	0,308	0,638	1,224	0,833	0,045	0,197	0,513
3,152	0,731	0,398	0,820	0,849	0,055	0,202	0,483
3,168	0,975	0,124	0,486	0,866	0,058	0,207	0,452
3,184	1,061	-0,137	0,241	0,881	0,057	0,213	0,420
3,200	1,044	-0,348	0,088	0,894	0,052	0,221	0,389
3,216	0,981	-0,480	0,022	0,904	0,043	0,234	0,359
3,232	0,915	-0,530	0,030	0,910	0,032	0,252	0,331
3,248	0,869	-0,518	0,096	0,912	0,021	0,276	0,305
3,264	0,838	-0,474	0,203	0,910	0,008	0,305	0,282
3,280	0,810	-0,425	0,345	0,905	-0,007	0,337	0,262
3,296	0,768	-0,392	0,527	0,895	-0,023	0,372	0,246
3,312	0,688	-0,382	0,745	0,881	-0,043	0,408	0,235
3,328	0,539	-0,399	0,956	0,864	-0,066	0,445	0,226
3,344	0,309	-0,435	1,110	0,843	-0,093	0,480	0,221
3,360	0,016	-0,475	1,168	0,820	-0,125	0,514	0,216
3,376	-0,295	-0,504	1,107	0,795	-0,160	0,546	0,212
3,392	-0,608	-0,507	0,894	0,763	-0,201	0,578	0,206
3,408	-0,827	-0,483	0,590	0,734	-0,239	0,604	0,199
3,424	-0,972	-0,439	0,226	0,701	-0,278	0,629	0,190
3,440	-1,050	-0,383	-0,153	0,668	-0,316	0,651	0,178
3,456	-1,066	-0,313	-0,526	0,632	-0,352	0,672	0,165
3,472	-1,029	-0,221	-0,852	0,595	-0,385	0,691	0,151
3,488	-0,966	-0,101	-1,108	0,558	-0,415	0,709	0,135
3,504	-0,908	0,035	-1,287	0,521	-0,441	0,724	0,119
3,520	-0,854	0,181	-1,415	0,485	-0,464	0,737	0,103
3,536	-0,761	0,333	-1,538	0,452	-0,484	0,748	0,086
3,552	-0,584	0,484	-1,675	0,424	-0,501	0,755	0,067
3,568	-0,299	0,607	-1,814	0,400	-0,515	0,760	0,048
3,584	0,079	0,676	-1,927	0,383	-0,525	0,762	0,029
3,600	0,507	0,684	-1,987	0,372	-0,532	0,764	0,012
3,616	0,918	0,639	-1,988	0,366	-0,535	0,764	-0,002
3,632	1,251	0,551	-1,949	0,365	-0,535	0,764	-0,011
3,648	1,465	0,437	-1,898	0,369	-0,531	0,764	-0,015
3,664	1,488	0,176	-1,842	0,388	-0,518	0,762	-0,002
3,680	1,290	0,046	-1,845	0,402	-0,509	0,761	0,013
3,696	0,970	-0,072	-1,864	0,417	-0,499	0,758	0,033
3,712	0,563	-0,177	-1,905	0,436	-0,489	0,752	0,057
3,728	0,111	-0,272	-1,973	0,457	-0,479	0,744	0,084
3,744	-0,389	-0,369	-2,067	0,484	-0,467	0,730	0,115
3,760	-0,389	-0,369	-2,067	0,484	-0,467	0,730	0,115
3,776	-0,803	-0,433	-2,142	0,511	-0,457	0,713	0,145
3,792	-1,458	-0,461	-2,186	0,571	-0,434	0,665	0,205
3,808	-1,739	-0,426	-2,153	0,602	-0,420	0,636	0,236
3,824	-1,739	-0,426	-2,153	0,602	-0,420	0,636	0,236
3,840	-2,031	-0,385	-2,057	0,632	-0,404	0,604	0,268
3,856	-2,642	-0,408	-1,542	0,688	-0,356	0,537	0,333
3,872	-2,893	-0,502	-1,042	0,712	-0,322	0,505	0,365
3,888	-2,999	-0,571	-0,295	0,733	-0,281	0,475	0,397
3,904	-2,829	-0,484	0,710	0,750	-0,231	0,448	0,426
3,920	-2,295	-0,192	1,835	0,765	-0,175	0,424	0,451
3,936	-1,422	0,196	2,826	0,778	-0,116	0,399	0,471
3,952	-0,338	0,492	3,452	0,791	-0,060	0,372	0,483
3,968	0,759	0,573	3,599	0,804	-0,010	0,342	0,489
3,984	1,693	0,445	3,298	0,818	0,030	0,309	0,490
4,000	2,369	0,188	2,693	0,830	0,060	0,275	0,489
4,016	2,785	-0,113	1,969	0,840	0,078	0,243	0,488
4,032	3,023	-0,397	1,282	0,845	0,086	0,215	0,490
4,048	3,061	-0,531	0,809	0,845	0,086	0,193	0,497
4,064	2,613	-0,516	0,780	0,841	0,078	0,177	0,509
4,080	1,698	-0,355	1,131	0,832	0,066	0,167	0,525
4,096	0,541	-0,090	1,685	0,822	0,052	0,162	0,544
4,112	-0,626	0,241	2,318	0,810	0,041	0,159	0,563
4,128	-1,320	0,525	2,703	0,802	0,038	0,160	0,575
4,144	-1,552	0,762	2,830	0,798	0,045	0,161	0,580
4,160	-1,330	0,939	2,704	0,798	0,059	0,164	0,576
4,176	-0,792	1,037	2,345	0,804	0,080	0,168	0,562
4,192	-0,122	1,033	1,827	0,815	0,102	0,171	0,541
4,208	0,511	0,915	1,272	0,830	0,121	0,175	0,513
4,224	0,994	0,697	0,776	0,847	0,136	0,177	0,479
4,240	1,272	0,407	0,387	0,866	0,144	0,180	0,443
4,256	1,358	0,082	0,122	0,884	0,145	0,184	0,404
4,272	1,315	-0,229	-0,025	0,901	0,140	0,192	0,365
4,288	1,203	-0,468	-0,099	0,914	0,132	0,206	0,325
4,304	1,069	-0,598	-0,138	0,924	0,121	0,228	0,286
4,320	0,948	-0,629	-0,150	0,928	0,107	0,257	0,249
4,336	0,856	-0,603	-0,127	0,927	0,092	0,293	0,216
4,352	0,789	-0,559	-0,072	0,920	0,074	0,334	0,189
4,368	0,736	-0,519	0,023	0,908	0,054	0,379	0,169
4,384	0,681	-0,498	0,176	0,890	0,031	0,426	0,156
4,400	0,603	-0,487	0,352	0,868	0,006	0,472	0,151
4,416	0,487	-0,468	0,510	0,842	-0,021	0,516	0,152
4,432	0,326	-0,432	0,646	0,812	-0,052	0,559	0,159
4,448	0,110	-0,398	0,766	0,779	-0,085	0,599	0,168
4,464	-0,152	-0,375	0,847	0,741	-0,121	0,636	0,179
4,480	-0,430	-0,351	0,856	0,701	-0,159	0,669	0,188
4,496	-0,718	-0,328	0,754	0,655	-0,204	0,702	0,195
4,512	-0,943	-0,320	0,536	0,613	-0,245	0,726	0,197
4,528	-1,122	-0,319	0,189	0,572	-0,288	0,746	0,193
4,544	-1,232	-0,291	-0,267	0,532	-0,330	0,760	0,185
4,560	-1,254	-0,192	-0,763	0,495	-0,372	0,769	0,174
4,576	-1,189	-0,014	-1,216	0,459	-0,411	0,775	0,158
4,592	-1,036	0,204	-1,584	0,427	-0,446	0,777	0,141
4,608	-0,779	0,417	-1,871	0,398	-0,477	0,778	0,121
4,624	-0,422	0,585	-2,088	0,375	-0,502	0,776	0,101
4,640	0,004	0,688	-2,230	0,357	-0,523	0,774	0,080
4,656	0,446	0,723	-2,294	0,344	-0,538	0,771	0,061
4,672	0,844	0,698	-2,295	0,336	-0,548	0,768	0,045
4,688	1,147	0,633	-2,262	0,333	-0,553	0,766	0,034
4,704	1,306	0,568	-2,214	0,336	-0,553	0,764	0,029
4,720	1,283	0,523	-2,168	0,343	-0,550	0,762	0,031
4,736	1,106	0,462	-2,134	0,356	-0,543	0,760	0,037
4,752	0,855	0,351	-2,114	0,373	-0,533	0,757	0,049
4,768	0,581	0,190	-2,113	0,396	-0,520	0,753	0,063
4,784	0,299	-0,002	-2,125	0,422	-0,506	0,746	0,080
4,800	0,006	-0,199	-2,151	0,452	-0,491	0,737	0,099
4,816	-0,311	-0,369	-2,187	0,483	-0,475	0,725	0,120
4,832	-0,664	-0,483	-2,227	0,516	-0,458	0,708	0,142
4,848	-1,056	-0,518	-2,250	0,550	-0,442	0,688	0,167
4,864	-1,530	-0,462	-2,231	0,588	-0,423	0,661	0,197
4,880	-1,982	-0,370	-2,168	0,622	-0,403	0,632	0,225
4,896	-2,450	-0,333	-2,056	0,655	-0,380	0,600	0,255
4,912	-2,905	-0,442	-1,857	0,688	-0,352	0,565	0,287
4,928	-3,270	-0,718	-1,491	0,717	-0,317	0,530	0,319
4,944	-3,439	-1,074	-0,854	0,743	-0,272	0,497	0,352
4,960	-3,306	-1,325	0,099	0,763	-0,217	0,469	0,383
4,976	-2,815	-1,264	1,290	0,777	-0,151	0,445	0,412
4,992	-1,975	-0,812	2,521	0,786	-0,078	0,424	0,437
5,008	-0,852	-0,103	3,516	0,791	-0,003	0,405	0,455
5,024	0,396	0,562	4,024	0,795	0,068	0,385	0,465
5,040	1,543	0,923	3,948	0,799	0,130	0,361	0,469
5,056	2,414	0,946	3,396	0,804	0,178	0,332	0,470
5,072	2,959	0,778	2,580	0,810	0,213	0,303	0,469
5,088	3,259	0,588	1,717	0,814	0,233	0,274	0,469
5,104	3,464	0,456	0,963	0,817	0,241	0,248	0,472
5,120	3,559	0,439	0,459	0,818	0,237	0,228	0,480
5,136	3,159	0,397	0,386	0,817	0,221	0,211	0,492
5,152	2,152	0,260	0,723	0,815	0,193	0,197	0,508
5,168	0,762	0,083	1,327	0,812	0,161	0,185	0,525
5,184	-0,523	-0,022	1,975	0,810	0,132	0,179	0,540
5,200	-1,416	-0,043	2,489	0,808	0,111	0,178	0,549
5,216	-1,810	-0,002	2,774	0,808	0,102	0,183	0,550
5,232	-1,734	0,079	2,755	0,811	0,105	0,192	0,543
5,248	-1,355	0,171	2,442	0,817	0,118	0,200	0,528
5,264	-0,812	0,262	1,938	0,825	0,135	0,206	0,507
5,280	-0,209	0,335	1,376	0,835	0,155	0,212	0,481
5,296	0,369	0,370	0,869	0,847	0,171	0,218	0,452
5,312	0,856	0,352	0,471	0,860	0,183	0,223	0,421
5,328	1,212	0,280	0,199	0,873	0,188	0,229	0,390
5,344	1,429	0,171	0,040	0,885	0,186	0,235	0,359
5,360	1,523	0,070	-0,036	0,896	0,178	0,243	0,331
5,376	1,518	0,004	-0,071	0,905	0,166	0,252	0,305
5,392	1,434	-0,042	-0,087	0,912	0,148	0,263	0,282
5,408	1,289	-0,098	-0,094	0,916	0,127	0,278	0,263
5,424	1,102	-0,175	-0,087	0,917	0,103	0,297	0,247
5,440	0,898	-0,268	-0,052	0,914	0,075	0,321	0,234
5,456	0,711	-0,359	0,030	0,906	0,045	0,353	0,224
5,472	0,553	-0,430	0,193	0,891	0,014	0,392	0,216
5,488	0,405	-0,466	0,452	0,869	-0,019	0,439	0,211
5,504	0,230	-0,462	0,765	0,839	-0,052	0,491	0,208
5,520	-0,005	-0,440	1,054	0,803	-0,084	0,545	0,207
5,536	-0,294	-0,415	1,240	0,762	-0,116	0,598	0,208
5,552	-0,612	-0,411	1,252	0,718	-0,150	0,646	0,209
5,568	-0,908	-0,440	1,051	0,674	-0,184	0,687	0,208
5,584	-1,147	-0,480	0,675	0,630	-0,221	0,720	0,205
5,600	-1,323	-0,503	0,198	0,586	-0,257	0,747	0,199
5,616	-1,459	-0,481	-0,378	0,538	-0,299	0,771	0,190
5,632	-1,515	-0,398	-0,893	0,497	-0,334	0,786	0,179
5,648	-1,482	-0,248	-1,362	0,458	-0,367	0,797	0,166
5,664	-1,338	-0,045	-1,758	0,424	-0,396	0,804	0,151
5,680	-1,070	0,177	-2,055	0,396	-0,421	0,808	0,135
5,696	-0,694	0,372	-2,234	0,374	-0,443	0,810	0,118
5,712	-0,263	0,504	-2,290	0,358	-0,460	0,810	0,100
5,728	0,182	0,556	-2,236	0,348	-0,472	0,808	0,082
5,744	0,620	0,521	-2,112	0,344	-0,480	0,806	0,065
5,760	1,030	0,411	-1,959	0,346	-0,484	0,803	0,052
5,776	1,359	0,262	-1,800	0,353	-0,485	0,800	0,043
5,792	1,537	0,121	-1,652	0,363	-0,483	0,796	0,038
5,808	1,522	0,028	-1,533	0,377	-0,480	0,791	0,041
5,824	1,000	0,006	-1,460	0,412	-0,470	0,777	0,062
5,840	0,629	0,032	-1,533	0,434	-0,465	0,766	0,079
5,856	0,269	0,044	-1,683	0,460	-0,460	0,752	0,098
5,872	-0,057	0,022	-1,900	0,489	-0,455	0,733	0,119
5,888	-0,370	-0,038	-2,159	0,522	-0,449	0,709	0,141
5,904	-0,711	-0,128	-2,403	0,556	-0,442	0,682	0,165
5,920	-1,112	-0,217	-2,570	0,592	-0,433	0,650	0,190
5,936	-1,560	-0,271	-2,615	0,628	-0,421	0,617	0,217
5,952	-2,021	-0,289	-2,526	0,662	-0,404	0,581	0,245
5,968	-2,507	-0,320	-2,273	0,698	-0,380	0,540	0,277
5,984	-2,847	-0,429	-1,898	0,727	-0,351	0,505	0,306
6,000	-3,018	-0,649	-1,384	0,752	-0,315	0,474	0,334
6,016	-2,964	-0,947	-0,729	0,772	-0,270	0,448	0,362
6,032	-2,650	-1,205	0,093	0,787	-0,217	0,428	0,388
6,048	-2,065	-1,231	1,070	0,796	-0,155	0,414	0,412
6,064	-1,255	-0,897	2,090	0,799	-0,089	0,405	0,432
6,080	-0,291	-0,266	2,949	0,800	-0,021	0,398	0,447
6,096	0,714	0,394	3,405	0,800	0,041	0,388	0,457
6,112	1,568	0,793	3,340	0,802	0,094	0,372	0,463
6,128	2,111	0,815	2,849	0,806	0,133	0,348	0,468
6,144	2,327	0,554	2,157	0,811	0,158	0,319	0,472
6,160	2,316	0,207	1,485	0,816	0,171	0,286	0,479
6,176	2,245	-0,031	0,970	0,818	0,175	0,254	0,490
6,192	2,308	-0,066	0,634	0,818	0,171	0,225	0,504
6,208	2,326	0,146	0,568	0,815	0,161	0,199	0,521
6,224	2,019	0,447	0,871	0,809	0,143	0,177	0,541
6,240	1,401	0,704	1,415	0,803	0,119	0,160	0,561
6,256	0,669	0,860	1,983	0,797	0,094	0,148	0,578
6,272	0,015	0,907	2,408	0,793	0,072	0,144	0,589
6,288	-0,458	0,862	2,583	0,792	0,056	0,145	0,592
6,304	-0,728	0,752	2,489	0,795	0,046	0,150	0,588
6,320	-0,803	0,608	2,182	0,802	0,043	0,154	0,577
6,336	-0,702	0,449	1,759	0,812	0,044	0,159	0,560
6,352	-0,425	0,254	1,294	0,827	0,048	0,164	0,536
6,368	-0,080	0,044	0,977	0,841	0,053	0,169	0,511
6,384	0,271	-0,196	0,775	0,855	0,057	0,174	0,484
6,400	0,558	-0,423	0,639	0,869	0,060	0,180	0,457
6,416	0,764	-0,579	0,533	0,883	0,062	0,186	0,429
6,432	0,900	-0,641	0,457	0,894	0,063	0,193	0,402
6,448	0,978	-0,611	0,411	0,903	0,061	0,204	0,376
6,464	1,006	-0,509	0,399	0,910	0,058	0,219	0,351
6,480	0,981	-0,371	0,425	0,913	0,052	0,240	0,327
6,496	0,896	-0,245	0,476	0,914	0,043	0,267	0,304
6,512	0,756	-0,159	0,534	0,911	0,031	0,298	0,282
6,528	0,586	-0,125	0,594	0,904	0,014	0,334	0,262
6,544	0,415	-0,157	0,681	0,893	-0,006	0,373	0,244
6,560	0,233	-0,259	0,782	0,879	-0,030	0,414	0,229
6,576	0,032	-0,393	0,828	0,860	-0,058	0,455	0,217
6,592	-0,175	-0,516	0,803	0,839	-0,089	0,494	0,207
6,608	-0,363	-0,616	0,737	0,814	-0,122	0,532	0,198
6,624	-0,531	-0,691	0,639	0,785	-0,159	0,568	0,191
6,640	-0,704	-0,736	0,494	0,752	-0,197	0,602	0,183
6,656	-0,908	-0,742	0,290	0,714	-0,238	0,634	0,176
6,672	-1,134	-0,693	0,006	0,673	-0,280	0,664	0,167
6,688	-1,345	-0,569	-0,364	0,629	-0,322	0,690	0,157
6,704	-1,507	-0,331	-0,830	0,580	-0,367	0,714	0,144
6,720	-1,553	-0,049	-1,227	0,538	-0,404	0,732	0,129
6,736	-1,482	0,248	-1,555	0,499	-0,436	0,745	0,113
6,752	-1,286	0,508	-1,802	0,465	-0,463	0,754	0,094
6,768	-0,964	0,692	-1,964	0,436	-0,485	0,760	0,073
6,784	-0,537	0,790	-2,040	0,412	-0,502	0,764	0,050
6,800	-0,052	0,807	-2,031	0,393	-0,515	0,766	0,027
6,816	0,429	0,759	-1,941	0,378	-0,522	0,768	0,006
6,832	0,855	0,666	-1,782	0,366	-0,526	0,770	-0,013
6,848	1,203	0,563	-1,600	0,357	-0,527	0,773	-0,028
6,864	1,462	0,482	-1,450	0,352	-0,524	0,776	-0,040
6,880	1,608	0,434	-1,368	0,350	-0,519	0,780	-0,046
6,896	1,621	0,409	-1,351	0,351	-0,512	0,783	-0,046
6,912	1,499	0,387	-1,377	0,354	-0,503	0,787	-0,041
6,928	1,277	0,350	-1,421	0,360	-0,493	0,791	-0,030
6,944	1,003	0,282	-1,476	0,369	-0,481	0,794	-0,014
6,960	0,716	0,180	-1,545	0,382	-0,468	0,796	0,005
6,976	0,438	0,047	-1,626	0,400	-0,454	0,795	0,027
6,992	0,177	-0,102	-1,710	0,422	-0,438	0,791	0,051
7,008	-0,068	-0,249	-1,798	0,448	-0,423	0,783	0,076
7,024	-0,307	-0,385	-1,894	0,479	-0,407	0,770	0,103
7,040	-0,548	-0,507	-2,002	0,512	-0,391	0,752	0,130
7,056	-0,797	-0,614	-2,117	0,548	-0,376	0,728	0,158
7,072	-1,072	-0,713	-2,228	0,585	-0,361	0,700	0,188
7,088	-1,454	-0,815	-2,330	0,624	-0,344	0,663	0,224
7,104	-1,899	-0,907	-2,335	0,657	-0,327	0,627	0,258
7,120	-2,405	-1,003	-2,171	0,687	-0,306	0,589	0,295
7,136	-2,888	-1,100	-1,786	0,712	-0,279	0,550	0,335
7,152	-3,245	-1,153	-1,151	0,731	-0,244	0,514	0,375
7,168	-3,363	-1,072	-0,243	0,746	-0,201	0,480	0,416
7,184	-3,136	-0,773	0,885	0,754	-0,149	0,449	0,454
7,200	-2,518	-0,270	2,049	0,760	-0,090	0,420	0,487
7,216	-1,587	0,268	2,982	0,763	-0,027	0,390	0,514
7,232	-0,501	0,650	3,488	0,766	0,035	0,359	0,533
7,248	0,573	0,805	3,530	0,769	0,093	0,326	0,546
7,264	1,538	0,845	3,206	0,772	0,144	0,294	0,551
7,280	2,356	0,927	2,675	0,775	0,187	0,264	0,551
7,296	3,017	1,106	2,087	0,779	0,220	0,238	0,548
7,312	3,541	1,276	1,545	0,782	0,239	0,215	0,543
7,328	3,900	1,325	1,143	0,787	0,244	0,196	0,540
7,344	3,685	1,140	1,124	0,793	0,232	0,178	0,539
7,360	2,804	0,790	1,505	0,799	0,206	0,161	0,540
7,376	1,590	0,436	2,077	0,807	0,172	0,147	0,542
7,392	0,401	0,163	2,589	0,815	0,137	0,136	0,542
7,408	-0,536	-0,049	2,892	0,825	0,107	0,128	0,537
7,424	-1,135	-0,251	2,927	0,836	0,086	0,124	0,526
7,440	-1,380	-0,442	2,698	0,849	0,076	0,121	0,509
7,456	-1,315	-0,587	2,245	0,863	0,076	0,120	0,485
7,472	-0,982	-0,664	1,573	0,880	0,086	0,121	0,451
7,488	-0,561	-0,656	0,940	0,894	0,101	0,124	0,417
7,504	-0,117	-0,587	0,390	0,907	0,119	0,129	0,380
7,520	0,289	-0,471	-0,024	0,919	0,136	0,134	0,344
7,536	0,614	-0,316	-0,313	0,929	0,150	0,141	0,310
7,552	0,832	-0,142	-0,515	0,937	0,160	0,148	0,279
7,568	0,942	0,016	-0,661	0,943	0,165	0,156	0,252
7,584	0,973	0,131	-0,762	0,947	0,165	0,167	0,231
7,600	0,974	0,195	-0,816	0,949	0,160	0,182	0,214
7,616	0,981	0,210	-0,816	0,948	0,153	0,201	0,203
7,632	1,010	0,173	-0,748	0,945	0,142	0,225	0,197
7,648	1,057	0,100	-0,590	0,938	0,130	0,255	0,195
7,664	1,100	0,013	-0,313	0,927	0,114	0,292	0,197
7,680	1,100	-0,072	0,089	0,912	0,096	0,336	0,202
7,696	1,015	-0,135	0,588	0,891	0,075	0,387	0,208
7,712	0,813	-0,152	1,117	0,865	0,051	0,442	0,215
7,728	0,491	-0,128	1,575	0,834	0,024	0,498	0,222
7,744	0,083	-0,088	1,862	0,799	-0,005	0,552	0,228
7,760	-0,347	-0,063	1,927	0,763	-0,038	0,602	0,231
7,776	-0,736	-0,074	1,775	0,727	-0,073	0,645	0,231
7,792	-1,034	-0,132	1,453	0,690	-0,111	0,683	0,226
7,808	-1,225	-0,246	1,035	0,653	-0,150	0,715	0,217
7,824	-1,308	-0,409	0,577	0,615	-0,190	0,742	0,203
7,840	-1,285	-0,617	0,039	0,571	-0,235	0,768	0,183
7,856	-1,191	-0,768	-0,472	0,530	-0,276	0,787	0,162
7,872	-1,079	-0,812	-0,979	0,487	-0,316	0,803	0,140
7,888	-1,003	-0,700	-1,440	0,444	-0,355	0,815	0,119
7,904	-0,962	-0,430	-1,839	0,403	-0,392	0,822	0,099
7,920	-0,895	-0,056	-2,157	0,367	-0,425	0,826	0,080
7,936	-0,437	0,647	-2,442	0,319	-0,477	0,822	0,042
7,952	-0,005	0,831	-2,382	0,308	-0,495	0,817	0,024
7,968	0,505	0,871	-2,211	0,305	-0,507	0,810	0,006
7,984	1,019	0,789	-1,969	0,308	-0,513	0,804	-0,010
8,000	1,461	0,627	-1,706	0,317	-0,515	0,798	-0,022
8,016	1,768	0,430	-1,472	0,329	-0,513	0,793	-0,029
8,032	1,892	0,243	-1,300	0,344	-0,508	0,789	-0,029
8,048	1,814	0,097	-1,199	0,359	-0,502	0,786	-0,023
8,064	1,555	0,009	-1,176	0,374	-0,495	0,783	-0,011
8,080	1,171	-0,031	-1,230	0,390	-0,488	0,780	0,007
8,096	0,731	-0,048	-1,360	0,407	-0,482	0,775	0,027
8,112	0,301	-0,070	-1,552	0,426	-0,476	0,768	0,049
8,128	-0,082	-0,115	-1,780	0,447	-0,471	0,757	0,072
8,144	-0,403	-0,185	-2,018	0,472	-0,466	0,742	0,095
8,160	-0,668	-0,273	-2,249	0,501	-0,462	0,722	0,119
8,176	-0,900	-0,359	-2,463	0,532	-0,457	0,698	0,143
8,192	-1,173	-0,433	-2,656	0,568	-0,450	0,666	0,171
8,208	-1,478	-0,473	-2,742	0,601	-0,440	0,635	0,199
8,224	-1,865	-0,491	-2,712	0,632	-0,427	0,602	0,231
8,240	-2,331	-0,508	-2,526	0,661	-0,408	0,570	0,265
8,256	-2,818	-0,566	-2,134	0,688	-0,381	0,538	0,302
8,272	-3,218	-0,674	-1,497	0,710	-0,345	0,508	0,340
8,288	-3,414	-0,790	-0,613	0,729	-0,301	0,481	0,380
8,304	-3,324	-0,837	0,464	0,744	-0,246	0,457	0,417
8,320	-2,903	-0,734	1,615	0,755	-0,184	0,435	0,451
8,336	-2,155	-0,440	2,684	0,763	-0,116	0,414	0,480
8,352	-1,145	0,019	3,524	0,768	-0,046	0,392	0,503
8,368	0,007	0,547	4,017	0,773	0,021	0,370	0,518
8,384	1,137	0,972	4,103	0,778	0,080	0,346	0,525
8,400	2,061	1,152	3,813	0,783	0,128	0,319	0,527
8,416	2,671	1,070	3,272	0,790	0,163	0,289	0,526
8,432	3,005	0,832	2,658	0,798	0,183	0,258	0,524
8,448	3,221	0,556	2,099	0,805	0,190	0,227	0,523
8,464	3,402	0,354	1,660	0,810	0,185	0,198	0,525
8,480	3,152	0,216	1,519	0,813	0,170	0,172	0,532
8,496	2,407	0,146	1,671	0,815	0,146	0,150	0,541
8,512	1,394	0,127	1,962	0,815	0,121	0,134	0,550
8,528	0,369	0,129	2,243	0,815	0,099	0,126	0,556
8,544	-0,464	0,106	2,399	0,817	0,083	0,125	0,558
8,560	-1,013	0,039	2,380	0,820	0,077	0,127	0,553
8,576	-1,257	-0,057	2,144	0,827	0,081	0,132	0,540
8,592	-1,180	-0,119	1,753	0,836	0,092	0,135	0,523
8,608	-0,897	-0,124	1,242	0,847	0,108	0,139	0,500
8,624	-0,489	-0,084	0,703	0,859	0,127	0,141	0,474
8,640	-0,025	-0,044	0,238	0,871	0,144	0,144	0,445
8,656	0,431	-0,032	-0,099	0,884	0,158	0,146	0,415
8,672	0,812	-0,052	-0,321	0,896	0,167	0,149	0,386
8,688	1,062	-0,090	-0,468	0,907	0,170	0,152	0,358
8,704	1,181	-0,126	-0,576	0,917	0,169	0,157	0,331
8,720	1,215	-0,138	-0,658	0,925	0,162	0,164	0,308
8,736	1,204	-0,124	-0,710	0,931	0,150	0,175	0,288
8,752	1,175	-0,095	-0,722	0,935	0,134	0,192	0,270
8,768	1,147	-0,072	-0,673	0,935	0,115	0,216	0,255
8,784	1,125	-0,082	-0,533	0,932	0,091	0,248	0,244
8,800	1,095	-0,142	-0,290	0,924	0,063	0,286	0,235
8,816	1,020	-0,251	0,040	0,911	0,032	0,331	0,228
8,832	0,877	-0,372	0,424	0,892	-0,003	0,382	0,224
8,848	0,664	-0,453	0,832	0,865	-0,040	0,438	0,221
8,864	0,381	-0,467	1,233	0,831	-0,077	0,496	0,220
8,880	0,022	-0,446	1,559	0,791	-0,115	0,554	0,220
8,896	-0,394	-0,430	1,726	0,747	-0,153	0,606	0,222
8,912	-0,810	-0,428	1,663	0,704	-0,193	0,649	0,222
8,928	-1,169	-0,452	1,336	0,663	-0,234	0,682	0,220
8,944	-1,443	-0,502	0,738	0,621	-0,281	0,708	0,212
8,960	-1,565	-0,535	0,128	0,585	-0,324	0,723	0,202
8,976	-1,588	-0,516	-0,477	0,549	-0,365	0,734	0,187
8,992	-1,535	-0,398	-1,047	0,513	-0,405	0,741	0,170
9,008	-1,425	-0,160	-1,534	0,478	-0,442	0,746	0,152
9,024	-1,257	0,165	-1,908	0,443	-0,475	0,750	0,132
9,040	-1,017	0,522	-2,171	0,412	-0,504	0,753	0,111
9,056	-0,705	0,834	-2,326	0,384	-0,527	0,755	0,090
9,072	-0,324	1,033	-2,377	0,362	-0,544	0,756	0,069
9,088	0,125	1,089	-2,334	0,345	-0,556	0,758	0,048
9,104	0,609	1,009	-2,210	0,333	-0,563	0,759	0,029
9,120	1,066	0,824	-2,029	0,327	-0,564	0,761	0,013
9,136	1,429	0,583	-1,821	0,326	-0,560	0,763	0,001
9,152	1,629	0,336	-1,613	0,329	-0,553	0,767	-0,004
9,168	1,624	0,124	-1,430	0,336	-0,543	0,770	-0,001
9,184	1,417	-0,029	-1,296	0,345	-0,531	0,774	0,008
9,200	1,062	-0,121	-1,225	0,356	-0,517	0,777	0,023
9,216	0,645	-0,165	-1,227	0,370	-0,503	0,779	0,042
9,232	0,248	-0,182	-1,300	0,389	-0,490	0,777	0,064
9,248	-0,077	-0,198	-1,430	0,411	-0,477	0,772	0,086
9,264	-0,314	-0,238	-1,600	0,438	-0,465	0,762	0,108
9,280	-0,473	-0,308	-1,800	0,469	-0,453	0,746	0,129
9,296	-0,591	-0,401	-2,010	0,503	-0,443	0,725	0,151
9,312	-0,722	-0,502	-2,217	0,544	-0,431	0,697	0,177
9,328	-0,884	-0,560	-2,338	0,581	-0,419	0,666	0,202
9,344	-1,111	-0,565	-2,338	0,616	-0,407	0,633	0,229
9,360	-1,395	-0,511	-2,175	0,649	-0,391	0,598	0,260
9,376	-1,696	-0,411	-1,847	0,678	-0,373	0,563	0,292
9,392	-1,969	-0,304	-1,400	0,704	-0,351	0,527	0,325
9,408	-2,189	-0,254	-0,893	0,726	-0,325	0,492	0,357
9,424	-2,346	-0,303	-0,374	0,746	-0,295	0,457	0,388
9,440	-2,411	-0,419	0,167	0,762	-0,261	0,425	0,416
9,456	-2,297	-0,509	0,792	0,775	-0,221	0,396	0,442
9,472	-1,921	-0,460	1,515	0,785	-0,176	0,371	0,465
9,488	-1,256	-0,219	2,254	0,793	-0,127	0,349	0,484
9,504	-0,363	0,132	2,858	0,799	-0,077	0,329	0,499
9,520	0,606	0,428	3,176	0,805	-0,031	0,308	0,509
9,536	1,470	0,538	3,148	0,811	0,007	0,284	0,515
9,552	2,114	0,435	2,854	0,817	0,034	0,258	0,520
9,568	2,526	0,189	2,446	0,821	0,051	0,230	0,524
9,584	2,797	-0,090	2,037	0,823	0,057	0,204	0,531
9,600	2,821	-0,220	1,770	0,821	0,054	0,181	0,541
9,616	2,364	-0,138	1,822	0,816	0,044	0,162	0,554
9,632	1,566	0,103	2,050	0,809	0,031	0,149	0,569
9,648	0,608	0,389	2,306	0,801	0,018	0,143	0,582
9,664	-0,272	0,618	2,494	0,794	0,009	0,142	0,592
9,680	-0,885	0,748	2,531	0,791	0,007	0,143	0,596
9,696	-1,165	0,785	2,376	0,792	0,014	0,146	0,593
9,712	-1,073	0,742	2,091	0,798	0,026	0,149	0,583
9,728	-0,736	0,644	1,725	0,808	0,043	0,150	0,567
9,744	-0,266	0,503	1,336	0,821	0,063	0,151	0,545
9,760	0,233	0,334	0,978	0,837	0,082	0,152	0,518
9,776	0,684	0,157	0,681	0,853	0,098	0,153	0,487
9,792	1,037	-0,012	0,449	0,870	0,109	0,155	0,454
9,808	1,265	-0,171	0,271	0,887	0,115	0,158	0,420
9,824	1,362	-0,306	0,132	0,902	0,115	0,164	0,384
9,840	1,339	-0,397	0,003	0,916	0,110	0,173	0,349
9,856	1,220	-0,433	-0,131	0,927	0,101	0,186	0,315
9,872	1,039	-0,431	-0,267	0,935	0,089	0,204	0,282
9,888	0,836	-0,417	-0,380	0,939	0,074	0,226	0,251
9,904	0,650	-0,396	-0,443	0,940	0,056	0,254	0,223
9,920	0,509	-0,374	-0,433	0,937	0,036	0,286	0,199
9,936	0,398	-0,373	-0,363	0,930	0,015	0,321	0,179
9,952	0,296	-0,395	-0,264	0,919	-0,009	0,359	0,164
9,968	0,069	-0,440	-0,009	0,885	-0,060	0,437	0,146
9,984	-0,056	-0,437	0,139	0,863	-0,088	0,476	0,142
10,000	-0,184	-0,406	0,283	0,838	-0,117	0,514	0,142
10,016	-0,312	-0,355	0,406	0,811	-0,147	0,549	0,143
10,032	-0,445	-0,302	0,482	0,782	-0,177	0,582	0,144
10,048	-0,590	-0,243	0,469	0,749	-0,212	0,614	0,146
10,064	-0,590	-0,243	0,469	0,749	-0,212	0,614	0,146
10,080	-0,763	-0,132	0,153	0,688	-0,272	0,661	0,141
10,096	-0,763	-0,132	0,153	0,688	-0,272	0,661	0,141
10,112	-0,750	-0,041	-0,377	0,627	-0,328	0,697	0,125
10,128	-0,663	-0,002	-0,645	0,597	-0,353	0,713	0,114
10,144	-0,663	-0,002	-0,645	0,597	-0,353	0,713	0,114
10,160	-0,292	0,107	-1,048	0,534	-0,397	0,743	0,088
10,176	-0,066	0,174	-1,143	0,502	-0,415	0,756	0,075
10,192	0,109	0,240	-1,179	0,468	-0,432	0,770	0,063
10,208	0,208	0,310	-1,185	0,433	-0,447	0,782	0,053
10,224	0,245	0,387	-1,180	0,400	-0,459	0,793	0,044
10,240	0,249	0,457	-1,175	0,371	-0,470	0,802	0,036
10,256	0,256	0,504	-1,173	0,345	-0,479	0,809	0,029
10,272	0,293	0,516	-1,173	0,326	-0,485	0,814	0,022
10,288	0,364	0,492	-1,171	0,313	-0,489	0,817	0,016
10,304	0,458	0,444	-1,165	0,306	-0,491	0,818	0,010
10,320	0,557	0,384	-1,166	0,305	-0,491	0,818	0,006
10,336	0,646	0,321	-1,190	0,310	-0,490	0,816	0,004
10,352	0,714	0,255	-1,247	0,320	-0,487	0,813	0,004
10,368	0,757	0,185	-1,341	0,335	-0,482	0,810	0,006
10,384	0,761	0,113	-1,469	0,354	-0,476	0,805	0,010
10,400	0,713	0,041	-1,624	0,377	-0,469	0,798	0,017
10,416	0,600	-0,032	-1,800	0,402	-0,462	0,790	0,027
10,432	0,395	-0,121	-2,001	0,433	-0,453	0,778	0,042
10,448	0,141	-0,204	-2,166	0,462	-0,444	0,765	0,058
10,464	-0,166	-0,282	-2,292	0,492	-0,436	0,749	0,078
10,480	-0,507	-0,347	-2,362	0,523	-0,427	0,731	0,100
10,496	-0,862	-0,396	-2,371	0,553	-0,417	0,709	0,126
10,512	-1,218	-0,429	-2,320	0,584	-0,407	0,685	0,154
10,528	-1,563	-0,440	-2,210	0,613	-0,394	0,659	0,184
10,544	-1,892	-0,447	-2,046	0,641	-0,380	0,631	0,215
10,560	-2,215	-0,486	-1,849	0,668	-0,361	0,601	0,249
10,576	-2,539	-0,584	-1,592	0,693	-0,338	0,570	0,282
10,592	-2,826	-0,727	-1,187	0,716	-0,308	0,539	0,317
10,608	-2,991	-0,833	-0,543	0,735	-0,270	0,510	0,352
10,624	-2,950	-0,797	0,359	0,751	-0,224	0,484	0,387
10,640	-2,634	-0,571	1,440	0,763	-0,170	0,460	0,418
10,656	-2,016	-0,218	2,509	0,772	-0,111	0,436	0,445
10,672	-1,146	0,117	3,357	0,781	-0,051	0,412	0,467
10,688	-0,136	0,316	3,847	0,789	0,006	0,384	0,481
10,704	0,883	0,371	3,956	0,797	0,057	0,354	0,491
10,720	1,811	0,385	3,759	0,805	0,100	0,323	0,495
10,736	2,591	0,452	3,362	0,812	0,133	0,291	0,497
10,752	3,201	0,561	2,858	0,818	0,157	0,259	0,497
10,768	3,665	0,636	2,294	0,823	0,170	0,231	0,499
10,784	3,818	0,706	1,813	0,826	0,171	0,205	0,502
10,800	3,247	0,697	1,666	0,829	0,159	0,182	0,508
10,816	2,192	0,643	1,821	0,830	0,140	0,167	0,515
10,832	0,925	0,560	2,100	0,832	0,117	0,158	0,519
10,848	-0,238	0,430	2,358	0,835	0,097	0,153	0,520
10,864	-1,087	0,248	2,488	0,840	0,083	0,153	0,515
10,880	-1,545	0,029	2,434	0,847	0,076	0,154	0,503
10,896	-1,626	-0,189	2,190	0,857	0,079	0,155	0,484
10,912	-1,399	-0,358	1,792	0,869	0,089	0,157	0,458
10,928	-0,951	-0,428	1,305	0,882	0,106	0,160	0,426
10,944	-0,387	-0,405	0,798	0,895	0,126	0,163	0,390
10,960	0,193	-0,326	0,321	0,908	0,146	0,167	0,351
10,976	0,700	-0,221	-0,107	0,920	0,163	0,170	0,311
10,992	1,072	-0,104	-0,493	0,931	0,175	0,172	0,274
11,008	1,287	0,005	-0,827	0,941	0,181	0,171	0,241
11,024	1,363	0,086	-1,100	0,948	0,180	0,169	0,214
11,040	1,330	0,123	-1,304	0,955	0,174	0,167	0,193
11,056	1,233	0,120	-1,436	0,959	0,164	0,167	0,178
11,072	1,123	0,084	-1,479	0,961	0,150	0,172	0,170
11,088	1,045	0,017	-1,405	0,961	0,133	0,185	0,166
11,104	1,022	-0,077	-1,190	0,957	0,113	0,207	0,165
11,120	1,046	-0,181	-0,829	0,950	0,090	0,240	0,167
11,136	1,084	-0,264	-0,329	0,937	0,065	0,284	0,169
11,152	1,089	-0,301	0,286	0,918	0,039	0,339	0,172
11,168	0,992	-0,288	1,029	0,889	0,008	0,408	0,176
11,184	0,780	-0,252	1,641	0,855	-0,021	0,473	0,180
11,200	0,449	-0,230	2,098	0,818	-0,052	0,537	0,183
11,216	0,024	-0,257	2,314	0,778	-0,087	0,593	0,186
11,232	-0,439	-0,342	2,224	0,738	-0,125	0,640	0,187
11,248	-0,869	-0,472	1,833	0,700	-0,168	0,676	0,185
11,264	-1,200	-0,606	1,241	0,663	-0,213	0,703	0,178
11,280	-1,415	-0,699	0,587	0,626	-0,259	0,723	0,168
11,296	-1,535	-0,720	-0,048	0,587	-0,305	0,739	0,154
11,312	-1,579	-0,639	-0,635	0,548	-0,349	0,751	0,137
11,328	-1,554	-0,443	-1,167	0,509	-0,391	0,760	0,118
11,344	-1,456	-0,154	-1,635	0,473	-0,429	0,766	0,098
11,360	-1,260	0,170	-2,018	0,440	-0,462	0,769	0,075
11,376	-0,930	0,472	-2,304	0,414	-0,489	0,769	0,052
11,392	-0,450	0,713	-2,478	0,395	-0,510	0,767	0,029
11,408	0,141	0,863	-2,539	0,382	-0,524	0,765	0,006
11,424	0,755	0,890	-2,493	0,375	-0,532	0,763	-0,013
11,440	1,284	0,791	-2,353	0,373	-0,534	0,761	-0,025
11,456	1,634	0,598	-2,144	0,374	-0,531	0,762	-0,031
11,472	1,748	0,355	-1,910	0,377	-0,525	0,764	-0,029
11,488	1,621	0,120	-1,687	0,382	-0,515	0,767	-0,018
11,504	1,293	-0,051	-1,492	0,390	-0,504	0,770	0,000
11,520	0,838	-0,135	-1,333	0,399	-0,492	0,772	0,024
11,536	0,350	-0,140	-1,223	0,411	-0,479	0,772	0,052
11,552	-0,121	-0,098	-1,186	0,429	-0,466	0,768	0,083
11,568	-0,422	-0,064	-1,254	0,450	-0,455	0,760	0,109
11,584	-0,600	-0,068	-1,430	0,477	-0,445	0,746	0,134
11,600	-0,694	-0,118	-1,705	0,508	-0,436	0,725	0,156
11,616	-0,776	-0,206	-2,037	0,543	-0,427	0,700	0,177
11,632	-0,908	-0,315	-2,355	0,580	-0,417	0,670	0,199
11,648	-1,124	-0,422	-2,584	0,617	-0,404	0,637	0,222
11,664	-1,433	-0,506	-2,665	0,651	-0,389	0,602	0,248
11,680	-1,814	-0,570	-2,558	0,682	-0,368	0,567	0,276
11,696	-2,219	-0,635	-2,236	0,709	-0,343	0,534	0,307
11,712	-2,576	-0,721	-1,706	0,732	-0,310	0,504	0,340
11,728	-2,815	-0,812	-0,991	0,749	-0,271	0,475	0,373
11,744	-2,854	-0,874	-0,113	0,763	-0,225	0,449	0,406
11,760	-2,633	-0,857	0,864	0,774	-0,172	0,424	0,437
11,776	-2,144	-0,717	1,829	0,781	-0,113	0,400	0,464
11,792	-1,413	-0,432	2,643	0,786	-0,051	0,375	0,488
11,808	-0,511	-0,022	3,183	0,789	0,012	0,349	0,506
11,824	0,454	0,442	3,388	0,790	0,071	0,322	0,519
11,840	1,353	0,857	3,275	0,792	0,124	0,294	0,526
11,856	2,083	1,127	2,933	0,794	0,166	0,265	0,530
11,872	2,620	1,222	2,493	0,797	0,196	0,237	0,529
11,888	3,022	1,198	2,069	0,801	0,214	0,210	0,527
11,904	3,371	1,102	1,700	0,806	0,218	0,185	0,526
11,920	3,433	0,954	1,501	0,811	0,208	0,159	0,527
11,936	2,839	0,729	1,731	0,816	0,186	0,139	0,530
11,952	1,843	0,483	2,195	0,821	0,157	0,124	0,533
11,968	0,730	0,249	2,633	0,826	0,129	0,116	0,534
11,984	-0,307	-0,015	2,881	0,833	0,105	0,112	0,531
12,000	-1,124	-0,311	2,888	0,840	0,089	0,109	0,524
12,016	-1,583	-0,568	2,658	0,849	0,083	0,109	0,511
12,032	-1,637	-0,711	2,233	0,859	0,087	0,110	0,493
12,048	-1,337	-0,707	1,685	0,869	0,101	0,114	0,469
12,064	-0,797	-0,571	1,104	0,879	0,122	0,120	0,442
12,080	-0,155	-0,356	0,565	0,890	0,145	0,127	0,411
12,096	0,461	-0,117	0,102	0,899	0,166	0,135	0,379
12,112	1,322	0,260	-0,546	0,918	0,192	0,147	0,319
12,128	1,525	0,342	-0,737	0,926	0,194	0,151	0,294
12,144	1,525	0,342	-0,737	0,926	0,194	0,151	0,294
12,160	1,551	0,291	-0,907	0,939	0,175	0,159	0,258
12,176	1,453	0,186	-0,901	0,943	0,157	0,168	0,246
12,192	1,333	0,053	-0,826	0,945	0,135	0,182	0,238
12,208	1,220	-0,096	-0,660	0,944	0,111	0,204	0,233
12,224	1,121	-0,244	-0,384	0,938	0,084	0,236	0,231
12,240	1,023	-0,370	-0,012	0,928	0,056	0,278	0,230
12,256	0,899	-0,459	0,428	0,911	0,028	0,328	0,230
12,272	0,700	-0,495	0,956	0,885	-0,005	0,391	0,232
12,288	0,452	-0,471	1,406	0,855	-0,036	0,451	0,235
12,304	0,131	-0,417	1,764	0,820	-0,069	0,510	0,238
12,320	-0,245	-0,382	1,945	0,783	-0,104	0,563	0,242
12,336	-0,641	-0,378	1,884	0,745	-0,142	0,607	0,244
12,352	-1,013	-0,404	1,567	0,710	-0,183	0,641	0,244
12,368	-1,305	-0,444	1,037	0,677	-0,226	0,665	0,240
12,384	-1,459	-0,474	0,405	0,646	-0,270	0,683	0,230
12,400	-1,464	-0,488	-0,226	0,616	-0,312	0,696	0,217
12,416	-1,360	-0,479	-0,792	0,584	-0,352	0,708	0,200
12,432	-1,207	-0,415	-1,245	0,549	-0,390	0,719	0,182
12,448	-1,050	-0,256	-1,561	0,511	-0,424	0,731	0,162
12,464	-0,920	-0,007	-1,747	0,472	-0,454	0,743	0,142
12,480	-0,807	0,281	-1,863	0,433	-0,481	0,753	0,123
12,496	-0,654	0,548	-1,972	0,397	-0,504	0,762	0,102
12,512	-0,397	0,752	-2,087	0,366	-0,523	0,768	0,080
12,528	-0,018	0,866	-2,190	0,341	-0,538	0,772	0,057
12,544	0,442	0,883	-2,247	0,324	-0,548	0,774	0,036
12,560	0,900	0,811	-2,227	0,313	-0,553	0,776	0,018
12,576	1,266	0,667	-2,129	0,309	-0,553	0,777	0,006
12,592	1,484	0,483	-1,979	0,311	-0,549	0,778	0,001
12,608	1,530	0,289	-1,817	0,319	-0,541	0,779	0,004
12,624	1,408	0,111	-1,671	0,330	-0,531	0,780	0,014
12,640	1,118	-0,049	-1,539	0,347	-0,517	0,781	0,033
12,656	0,777	-0,144	-1,456	0,365	-0,503	0,780	0,055
12,672	0,412	-0,196	-1,411	0,385	-0,489	0,777	0,079
12,688	0,064	-0,221	-1,409	0,408	-0,476	0,771	0,104
12,704	-0,245	-0,241	-1,448	0,433	-0,464	0,762	0,129
12,720	-0,506	-0,268	-1,529	0,461	-0,453	0,748	0,153
12,736	-0,718	-0,305	-1,653	0,491	-0,444	0,729	0,175
12,752	-0,891	-0,340	-1,809	0,524	-0,435	0,706	0,196
12,768	-1,045	-0,362	-1,970	0,557	-0,427	0,679	0,216
12,784	-1,211	-0,365	-2,107	0,591	-0,418	0,648	0,237
12,800	-1,421	-0,353	-2,196	0,624	-0,408	0,615	0,259
12,816	-1,706	-0,348	-2,211	0,655	-0,394	0,580	0,283
12,832	-2,074	-0,376	-2,120	0,683	-0,376	0,544	0,309
12,848	-2,501	-0,458	-1,872	0,709	-0,352	0,510	0,338
12,864	-2,888	-0,601	-1,376	0,730	-0,320	0,478	0,368
12,880	-3,099	-0,753	-0,598	0,748	-0,278	0,449	0,399
12,896	-3,013	-0,832	0,407	0,763	-0,226	0,423	0,430
12,912	-2,575	-0,769	1,510	0,773	-0,166	0,400	0,458
12,928	-1,807	-0,547	2,539	0,780	-0,100	0,380	0,482
12,944	-0,790	-0,206	3,338	0,785	-0,032	0,361	0,500
12,960	0,349	0,176	3,798	0,789	0,034	0,341	0,512
12,976	1,457	0,525	3,882	0,791	0,094	0,320	0,517
12,992	2,386	0,791	3,648	0,794	0,144	0,298	0,519
13,008	3,050	0,946	3,205	0,796	0,182	0,275	0,518
13,024	3,517	0,994	2,594	0,799	0,210	0,250	0,517
13,040	3,748	0,994	2,045	0,800	0,220	0,229	0,518
13,056	3,501	0,977	1,777	0,802	0,218	0,212	0,520
13,072	2,746	0,930	1,890	0,805	0,204	0,197	0,524
13,088	1,700	0,781	2,194	0,808	0,184	0,183	0,528
13,104	0,571	0,493	2,486	0,814	0,160	0,171	0,530
13,120	-0,409	0,110	2,620	0,821	0,140	0,159	0,528
13,136	-1,051	-0,260	2,540	0,831	0,126	0,149	0,520
13,152	-1,272	-0,521	2,266	0,841	0,122	0,143	0,507
13,168	-1,121	-0,614	1,840	0,851	0,127	0,140	0,488
13,184	-0,715	-0,538	1,332	0,862	0,139	0,142	0,465
13,200	-0,185	-0,341	0,821	0,872	0,154	0,148	0,438
13,216	0,361	-0,095	0,373	0,883	0,170	0,155	0,408
13,232	0,845	0,132	0,023	0,893	0,182	0,163	0,379
13,248	1,222	0,295	-0,224	0,902	0,189	0,170	0,350
13,264	1,476	0,369	-0,389	0,912	0,188	0,177	0,324
13,280	1,607	0,346	-0,499	0,920	0,179	0,183	0,300
13,296	1,629	0,240	-0,577	0,928	0,163	0,190	0,280
13,312	1,574	0,074	-0,621	0,934	0,141	0,198	0,264
13,328	1,482	-0,127	-0,613	0,938	0,115	0,210	0,253
13,344	1,368	-0,341	-0,540	0,938	0,086	0,228	0,245
13,360	1,241	-0,553	-0,385	0,934	0,054	0,254	0,242
13,376	1,087	-0,754	-0,089	0,923	0,018	0,292	0,242
13,392	0,936	-0,869	0,253	0,908	-0,013	0,330	0,245
13,408	0,674	-0,917	0,779	0,881	-0,054	0,386	0,251
13,424	0,346	-0,838	1,273	0,848	-0,093	0,442	0,258
13,440	-0,064	-0,661	1,693	0,809	-0,133	0,498	0,265
13,456	-0,529	-0,446	1,930	0,766	-0,175	0,551	0,272
13,472	-1,003	-0,267	1,899	0,721	-0,218	0,597	0,276
13,488	-1,433	-0,163	1,565	0,676	-0,264	0,634	0,275
13,504	-1,762	-0,132	0,963	0,634	-0,310	0,661	0,269
13,520	-1,944	-0,151	0,199	0,595	-0,355	0,681	0,257
13,536	-1,951	-0,175	-0,585	0,556	-0,398	0,696	0,241
13,552	-1,787	-0,140	-1,267	0,518	-0,437	0,708	0,221
13,568	-1,495	-0,011	-1,790	0,480	-0,470	0,718	0,200
13,584	-1,132	0,209	-2,147	0,443	-0,499	0,727	0,180
13,600	-0,770	0,485	-2,336	0,407	-0,521	0,736	0,160
13,616	-0,464	0,761	-2,387	0,373	-0,539	0,745	0,142
13,632	-0,217	0,977	-2,350	0,342	-0,550	0,754	0,125
13,648	0,004	1,076	-2,255	0,316	-0,557	0,763	0,109
13,664	0,257	1,026	-2,127	0,297	-0,558	0,771	0,094
13,680	0,573	0,841	-1,988	0,285	-0,556	0,779	0,079
13,696	0,922	0,573	-1,848	0,282	-0,550	0,785	0,066
13,712	1,224	0,286	-1,722	0,287	-0,541	0,790	0,057
13,728	1,411	0,033	-1,628	0,298	-0,530	0,793	0,052
13,744	1,443	-0,152	-1,581	0,315	-0,518	0,794	0,054
13,760	1,318	-0,264	-1,586	0,335	-0,505	0,792	0,060
13,776	1,034	-0,313	-1,638	0,362	-0,491	0,788	0,074
13,792	0,696	-0,313	-1,706	0,389	-0,479	0,781	0,091
13,808	0,329	-0,298	-1,788	0,418	-0,467	0,770	0,111
13,824	-0,029	-0,289	-1,881	0,449	-0,456	0,757	0,132
13,840	-0,357	-0,292	-1,978	0,480	-0,446	0,739	0,155
13,856	-0,646	-0,305	-2,061	0,513	-0,436	0,717	0,178
13,872	-0,900	-0,317	-2,108	0,546	-0,426	0,692	0,202
13,888	-1,132	-0,320	-2,113	0,579	-0,416	0,664	0,226
13,904	-1,359	-0,312	-2,090	0,611	-0,404	0,634	0,251
13,920	-1,594	-0,296	-2,037	0,641	-0,390	0,601	0,277
13,936	-1,836	-0,290	-1,933	0,668	-0,373	0,569	0,304
13,952	-2,087	-0,333	-1,748	0,692	-0,351	0,538	0,331
13,968	-2,344	-0,453	-1,455	0,714	-0,324	0,508	0,359
13,984	-2,565	-0,632	-1,004	0,731	-0,290	0,482	0,388
14,000	-2,668	-0,797	-0,331	0,744	-0,248	0,460	0,415
14,016	-2,555	-0,862	0,568	0,754	-0,198	0,443	0,441
14,032	-2,159	-0,758	1,606	0,761	-0,142	0,429	0,463
14,048	-1,470	-0,464	2,634	0,765	-0,081	0,416	0,482
14,064	-0,543	-0,037	3,486	0,769	-0,022	0,403	0,495
14,080	0,496	0,391	4,025	0,774	0,033	0,385	0,503
14,096	1,469	0,668	4,184	0,780	0,079	0,361	0,508
14,112	2,628	0,509	3,597	0,796	0,136	0,296	0,516
14,128	2,628	0,509	3,597	0,796	0,136	0,296	0,516
14,144	2,858	0,218	3,004	0,803	0,148	0,256	0,522
14,160	3,037	0,126	2,420	0,807	0,152	0,223	0,529
14,176	2,931	0,294	2,047	0,808	0,150	0,198	0,538
14,192	2,423	0,583	1,983	0,807	0,143	0,182	0,546
14,208	1,630	0,777	2,088	0,806	0,134	0,173	0,553
14,224	0,691	0,769	2,218	0,805	0,125	0,167	0,557
14,240	-0,175	0,578	2,254	0,807	0,117	0,163	0,557
14,256	-0,792	0,296	2,134	0,811	0,115	0,158	0,552
14,272	-1,012	-0,156	1,461	0,826	0,129	0,147	0,527
14,288	-0,689	-0,220	1,001	0,836	0,145	0,143	0,507
14,304	-0,212	-0,185	0,548	0,847	0,163	0,141	0,484
14,320	0,305	-0,099	0,157	0,858	0,182	0,140	0,457
14,336	0,760	-0,007	-0,154	0,870	0,197	0,140	0,430
14,352	1,086	0,061	-0,390	0,881	0,207	0,142	0,402
14,368	1,269	0,092	-0,560	0,892	0,211	0,144	0,375
14,384	1,337	0,087	-0,672	0,903	0,209	0,148	0,350
14,400	1,329	0,059	-0,736	0,912	0,201	0,156	0,327
14,416	1,284	0,023	-0,756	0,919	0,189	0,169	0,305
14,432	1,233	-0,012	-0,725	0,924	0,173	0,189	0,285
14,448	1,200	-0,041	-0,634	0,926	0,153	0,217	0,267
14,464	1,194	-0,069	-0,462	0,924	0,130	0,253	0,252
14,480	1,206	-0,111	-0,185	0,916	0,104	0,295	0,240
14,496	1,200	-0,175	0,193	0,904	0,074	0,343	0,231
14,512	1,115	-0,273	0,706	0,883	0,038	0,400	0,227
14,528	0,923	-0,386	1,178	0,859	0,004	0,452	0,227
14,544	0,608	-0,512	1,555	0,831	-0,033	0,502	0,231
14,560	0,187	-0,627	1,774	0,800	-0,073	0,547	0,237
14,576	-0,304	-0,709	1,816	0,766	-0,116	0,586	0,243
14,592	-0,806	-0,752	1,674	0,729	-0,162	0,620	0,248
14,608	-1,246	-0,752	1,359	0,691	-0,210	0,648	0,250
14,624	-1,577	-0,724	0,911	0,652	-0,259	0,672	0,246
14,640	-1,789	-0,691	0,368	0,611	-0,307	0,692	0,237
14,656	-1,898	-0,646	-0,225	0,570	-0,355	0,709	0,224
14,672	-1,922	-0,546	-0,819	0,527	-0,400	0,723	0,206
14,688	-1,866	-0,335	-1,359	0,485	-0,442	0,733	0,185
14,704	-1,723	-0,003	-1,797	0,444	-0,480	0,741	0,162
14,720	-1,480	0,387	-2,115	0,406	-0,514	0,746	0,137
14,736	-1,127	0,745	-2,335	0,373	-0,543	0,748	0,109
14,752	-0,645	1,007	-2,476	0,347	-0,567	0,747	0,079
14,768	-0,042	1,150	-2,532	0,327	-0,585	0,745	0,047
14,784	0,629	1,174	-2,490	0,313	-0,596	0,743	0,017
14,800	1,269	1,091	-2,348	0,305	-0,602	0,741	-0,009
14,816	1,760	0,934	-2,138	0,301	-0,603	0,741	-0,029
14,832	2,018	0,743	-1,918	0,301	-0,598	0,744	-0,040
14,848	2,030	0,542	-1,745	0,303	-0,590	0,748	-0,041
14,864	1,837	0,352	-1,640	0,309	-0,578	0,754	-0,034
14,880	1,463	0,172	-1,597	0,319	-0,563	0,762	-0,017
14,896	1,050	0,047	-1,612	0,331	-0,547	0,767	0,004
14,912	0,624	-0,047	-1,668	0,346	-0,531	0,771	0,030
14,928	0,228	-0,129	-1,761	0,367	-0,514	0,772	0,057
14,944	-0,118	-0,211	-1,882	0,392	-0,496	0,769	0,086
14,960	-0,423	-0,300	-2,017	0,422	-0,478	0,760	0,116
14,976	-0,705	-0,391	-2,144	0,458	-0,460	0,745	0,146
14,992	-0,983	-0,474	-2,237	0,498	-0,440	0,724	0,177
15,008	-1,274	-0,541	-2,275	0,539	-0,419	0,697	0,209
15,024	-1,600	-0,588	-2,237	0,582	-0,397	0,665	0,242
15,040	-1,970	-0,620	-2,104	0,623	-0,371	0,628	0,276
15,056	-2,369	-0,653	-1,850	0,662	-0,342	0,588	0,311
15,072	-2,750	-0,717	-1,451	0,697	-0,308	0,547	0,346
15,088	-3,043	-0,834	-0,893	0,727	-0,269	0,505	0,380
15,104	-3,159	-0,980	-0,168	0,752	-0,222	0,464	0,413
15,120	-2,997	-1,066	0,708	0,772	-0,168	0,426	0,443
15,136	-2,513	-0,985	1,646	0,785	-0,107	0,391	0,469
15,152	-1,738	-0,684	2,499	0,793	-0,042	0,360	0,491
15,168	-0,754	-0,219	3,109	0,797	0,024	0,331	0,506
15,184	0,299	0,256	3,368	0,798	0,089	0,305	0,516
15,200	1,275	0,613	3,274	0,798	0,146	0,280	0,521
15,216	2,080	0,849	2,915	0,797	0,194	0,257	0,520
15,232	2,685	1,021	2,406	0,797	0,230	0,236	0,517
15,248	3,163	1,158	1,803	0,797	0,256	0,215	0,513
15,264	3,506	1,186	1,314	0,799	0,264	0,198	0,511
15,280	3,578	1,137	1,019	0,803	0,258	0,182	0,511
15,296	2,991	0,900	1,136	0,807	0,237	0,169	0,515
15,312	1,831	0,503	1,568	0,812	0,207	0,158	0,520
15,328	0,473	0,041	2,094	0,817	0,176	0,150	0,525
15,344	-0,682	-0,375	2,517	0,823	0,149	0,144	0,527
15,360	-1,401	-0,702	2,747	0,829	0,132	0,141	0,524
15,376	-1,621	-0,881	2,746	0,836	0,127	0,139	0,516
15,392	-1,384	-0,877	2,524	0,843	0,135	0,139	0,502
15,408	-0,827	-0,689	2,114	0,850	0,153	0,140	0,482
15,424	-0,119	-0,367	1,592	0,858	0,178	0,143	0,457
15,440	0,583	0,004	1,043	0,866	0,205	0,147	0,429
15,456	1,156	0,338	0,528	0,875	0,228	0,149	0,399
15,472	1,527	0,576	0,082	0,884	0,245	0,150	0,370
15,488	1,691	0,691	-0,279	0,894	0,253	0,150	0,343
15,504	1,679	0,683	-0,545	0,904	0,253	0,149	0,318
15,520	1,547	0,572	-0,716	0,913	0,246	0,149	0,297
15,536	1,352	0,393	-0,802	0,921	0,232	0,151	0,280
15,552	1,143	0,185	-0,819	0,928	0,213	0,159	0,266
15,568	0,961	-0,021	-0,778	0,932	0,192	0,172	0,256
15,584	0,841	-0,207	-0,676	0,933	0,169	0,194	0,249
15,600	0,804	-0,355	-0,499	0,930	0,144	0,226	0,245
15,616	0,852	-0,457	-0,193	0,921	0,116	0,271	0,244
15,632	0,926	-0,493	0,193	0,906	0,091	0,321	0,245
15,648	0,955	-0,490	0,664	0,884	0,066	0,378	0,250
15,664	0,865	-0,464	1,152	0,855	0,040	0,438	0,258
15,680	0,610	-0,416	1,585	0,820	0,012	0,499	0,268
15,696	0,184	-0,341	1,900	0,779	-0,019	0,557	0,279
15,712	-0,364	-0,242	2,030	0,734	-0,053	0,611	0,289
15,728	-0,949	-0,133	1,925	0,688	-0,090	0,658	0,297
15,744	-1,483	-0,040	1,577	0,641	-0,131	0,698	0,300
15,760	-1,915	-0,001	1,032	0,596	-0,174	0,730	0,298
15,776	-2,201	-0,022	0,365	0,553	-0,218	0,756	0,289
15,792	-2,292	-0,069	-0,336	0,513	-0,262	0,775	0,274
15,808	-2,178	-0,109	-0,993	0,477	-0,304	0,789	0,254
15,824	-1,891	-0,111	-1,540	0,445	-0,344	0,799	0,229
15,840	-1,482	-0,067	-1,935	0,417	-0,379	0,805	0,201
15,856	-1,002	0,007	-2,176	0,393	-0,411	0,808	0,171
15,872	-0,481	0,095	-2,289	0,372	-0,437	0,810	0,141
15,888	0,054	0,185	-2,300	0,356	-0,459	0,810	0,110
15,904	0,570	0,265	-2,228	0,343	-0,475	0,809	0,081
15,920	1,032	0,322	-2,105	0,334	-0,488	0,807	0,056
15,936	1,410	0,350	-1,965	0,328	-0,495	0,806	0,034
15,952	1,662	0,350	-1,831	0,326	-0,499	0,805	0,019
15,968	1,752	0,324	-1,703	0,326	-0,499	0,805	0,010
15,984	1,669	0,278	-1,573	0,328	-0,495	0,805	0,009
16,000	1,413	0,216	-1,429	0,335	-0,488	0,807	0,015
16,016	1,097	0,153	-1,323	0,344	-0,479	0,807	0,027
16,032	0,761	0,091	-1,258	0,357	-0,469	0,806	0,042
16,048	0,451	0,035	-1,240	0,374	-0,457	0,804	0,061
16,064	0,188	-0,015	-1,266	0,396	-0,445	0,798	0,080
16,080	-0,016	-0,069	-1,332	0,423	-0,433	0,789	0,100
16,096	-0,173	-0,139	-1,436	0,453	-0,421	0,776	0,120
16,112	-0,305	-0,227	-1,576	0,487	-0,411	0,757	0,141
16,128	-0,442	-0,326	-1,742	0,523	-0,401	0,733	0,161
16,144	-0,608	-0,415	-1,914	0,561	-0,393	0,704	0,183
16,160	-0,825	-0,476	-2,065	0,598	-0,385	0,671	0,206
16,176	-1,106	-0,500	-2,164	0,634	-0,377	0,634	0,230
16,192	-1,448	-0,489	-2,185	0,667	-0,367	0,595	0,257
16,208	-1,837	-0,465	-2,106	0,697	-0,354	0,555	0,287
16,224	-2,231	-0,472	-1,901	0,723	-0,336	0,515	0,317
16,240	-2,796	-0,726	-1,021	0,761	-0,281	0,444	0,382
16,256	-2,835	-0,917	-0,320	0,774	-0,241	0,415	0,414
16,272	-2,835	-0,917	-0,320	0,774	-0,241	0,415	0,414
16,288	-2,621	-1,013	0,551	0,783	-0,192	0,391	0,444
16,304	-1,355	-0,493	2,438	0,787	-0,073	0,356	0,496
16,320	-0,400	0,054	3,138	0,786	-0,010	0,341	0,515
16,336	0,594	0,541	3,499	0,784	0,049	0,325	0,529
16,352	0,594	0,541	3,499	0,784	0,049	0,325	0,529
16,368	1,538	0,816	3,490	0,783	0,103	0,304	0,539
16,384	2,514	0,723	2,809	0,784	0,167	0,256	0,549
16,400	2,514	0,723	2,809	0,784	0,167	0,256	0,549
16,416	2,775	0,632	2,379	0,784	0,182	0,230	0,554
16,432	3,027	0,641	1,978	0,785	0,186	0,205	0,561
16,448	2,388	0,929	1,951	0,784	0,167	0,163	0,576
16,464	1,552	0,955	2,236	0,786	0,149	0,148	0,582
16,480	0,638	0,802	2,505	0,789	0,132	0,137	0,584
16,496	-0,127	0,496	2,636	0,795	0,119	0,130	0,580
16,512	-0,637	0,112	2,582	0,804	0,113	0,125	0,570
16,528	-0,853	-0,248	2,350	0,815	0,115	0,121	0,555
16,544	-0,779	-0,496	1,970	0,827	0,124	0,118	0,535
16,560	-0,476	-0,574	1,481	0,840	0,140	0,117	0,510
16,576	-0,039	-0,480	0,932	0,853	0,160	0,117	0,481
16,592	0,430	-0,287	0,396	0,865	0,181	0,119	0,451
16,608	0,843	-0,091	-0,072	0,877	0,198	0,122	0,420
16,624	1,133	0,031	-0,445	0,889	0,209	0,124	0,391
16,640	1,276	0,051	-0,711	0,900	0,213	0,126	0,364
16,656	1,285	-0,005	-0,876	0,910	0,210	0,127	0,340
16,672	1,199	-0,095	-0,948	0,919	0,201	0,131	0,320
16,688	1,066	-0,180	-0,936	0,926	0,188	0,138	0,303
16,704	0,929	-0,234	-0,855	0,931	0,171	0,152	0,288
16,720	0,817	-0,247	-0,718	0,933	0,153	0,175	0,274
16,736	0,746	-0,216	-0,503	0,931	0,131	0,212	0,259
16,752	0,719	-0,178	-0,246	0,925	0,110	0,256	0,246
16,768	0,678	-0,162	0,053	0,914	0,089	0,306	0,236
16,784	0,579	-0,176	0,358	0,898	0,065	0,360	0,228
16,800	0,407	-0,207	0,628	0,878	0,039	0,416	0,224
16,816	0,169	-0,229	0,835	0,853	0,010	0,469	0,222
16,832	-0,105	-0,232	0,960	0,825	-0,021	0,519	0,223
16,848	-0,378	-0,226	0,985	0,794	-0,056	0,564	0,226
16,864	-0,612	-0,225	0,914	0,762	-0,092	0,604	0,228
16,880	-0,787	-0,238	0,773	0,728	-0,130	0,637	0,230
16,896	-0,906	-0,264	0,593	0,693	-0,169	0,666	0,230
16,912	-0,986	-0,291	0,388	0,658	-0,208	0,691	0,227
16,928	-1,034	-0,301	0,157	0,623	-0,246	0,712	0,222
16,944	-1,042	-0,282	-0,104	0,587	-0,283	0,730	0,214
16,960	-0,996	-0,236	-0,394	0,552	-0,319	0,745	0,204
16,976	-0,909	-0,163	-0,700	0,517	-0,352	0,758	0,192
16,992	-0,803	-0,043	-1,000	0,484	-0,382	0,769	0,178
17,008	-0,689	0,144	-1,259	0,451	-0,410	0,778	0,164
17,024	-0,573	0,375	-1,459	0,420	-0,434	0,785	0,148
17,040	-0,430	0,580	-1,611	0,393	-0,456	0,790	0,132
17,056	-0,209	0,704	-1,732	0,370	-0,474	0,794	0,114
17,072	0,116	0,729	-1,826	0,354	-0,488	0,794	0,095
17,088	0,521	0,678	-1,884	0,345	-0,500	0,793	0,076
17,104	0,994	0,579	-1,896	0,343	-0,508	0,790	0,057
17,120	1,367	0,482	-1,881	0,347	-0,512	0,786	0,044
17,136	1,613	0,385	-1,879	0,357	-0,512	0,781	0,037
17,152	1,673	0,288	-1,903	0,372	-0,508	0,776	0,037
17,168	1,522	0,190	-1,949	0,390	-0,501	0,771	0,045
17,184	1,177	0,086	-1,991	0,411	-0,491	0,765	0,060
17,200	0,690	-0,025	-2,004	0,433	-0,477	0,759	0,081
17,216	0,142	-0,144	-1,966	0,458	-0,461	0,751	0,106
17,232	-0,385	-0,264	-1,874	0,484	-0,443	0,741	0,133
17,248	-0,825	-0,368	-1,739	0,512	-0,425	0,728	0,160
17,264	-1,136	-0,438	-1,593	0,542	-0,407	0,710	0,187
17,280	-1,319	-0,462	-1,464	0,574	-0,391	0,687	0,213
17,296	-1,403	-0,444	-1,372	0,607	-0,376	0,659	0,237
17,312	-1,438	-0,395	-1,328	0,639	-0,363	0,627	0,261
17,328	-1,474	-0,329	-1,328	0,669	-0,352	0,591	0,283
17,344	-1,547	-0,274	-1,337	0,697	-0,340	0,553	0,305
17,360	-1,660	-0,269	-1,304	0,722	-0,327	0,516	0,328
17,376	-1,796	-0,323	-1,189	0,743	-0,310	0,480	0,352
17,392	-1,922	-0,418	-0,936	0,760	-0,289	0,448	0,376
17,408	-1,999	-0,523	-0,496	0,772	-0,260	0,422	0,402
17,424	-1,985	-0,574	0,146	0,780	-0,224	0,401	0,427
17,440	-1,821	-0,486	0,966	0,784	-0,180	0,387	0,450
17,456	-1,461	-0,231	1,861	0,786	-0,131	0,378	0,471
17,472	-0,901	0,107	2,671	0,786	-0,078	0,371	0,486
17,488	-0,129	0,399	3,274	0,788	-0,020	0,362	0,497
17,504	0,586	0,475	3,469	0,792	0,026	0,350	0,501
17,520	1,243	0,402	3,352	0,799	0,066	0,334	0,500
17,536	1,822	0,270	3,020	0,806	0,097	0,312	0,498
17,552	2,340	0,140	2,555	0,814	0,120	0,287	0,495
17,568	2,828	0,021	1,986	0,821	0,135	0,260	0,495
17,584	3,267	-0,051	1,380	0,825	0,141	0,233	0,499
17,600	3,256	-0,051	1,010	0,826	0,138	0,209	0,507
17,616	2,637	0,017	1,011	0,824	0,127	0,188	0,520
17,632	1,587	0,125	1,275	0,821	0,112	0,171	0,534
17,648	0,443	0,245	1,671	0,816	0,096	0,159	0,547
17,664	-0,465	0,338	2,047	0,813	0,086	0,153	0,556
17,680	-0,984	0,380	2,279	0,813	0,082	0,151	0,558
17,696	-1,122	0,358	2,316	0,815	0,087	0,151	0,553
17,712	-0,950	0,303	2,143	0,822	0,099	0,152	0,540
17,728	-0,564	0,266	1,794	0,831	0,116	0,152	0,520
17,744	-0,073	0,271	1,327	0,843	0,137	0,152	0,494
17,760	0,424	0,298	0,819	0,857	0,156	0,152	0,463
17,776	0,856	0,298	0,341	0,872	0,173	0,152	0,429
17,792	1,173	0,251	-0,058	0,888	0,183	0,151	0,395
17,808	1,345	0,167	-0,368	0,902	0,187	0,150	0,362
17,824	1,386	0,074	-0,590	0,915	0,184	0,149	0,333
17,840	1,337	-0,005	-0,727	0,925	0,175	0,152	0,308
17,856	1,241	-0,072	-0,786	0,934	0,160	0,159	0,285
17,872	1,154	-0,128	-0,760	0,938	0,142	0,172	0,271
17,888	1,078	-0,197	-0,664	0,939	0,122	0,193	0,261
17,904	1,003	-0,293	-0,504	0,936	0,098	0,220	0,256
17,920	0,920	-0,414	-0,287	0,929	0,071	0,254	0,255
17,936	0,822	-0,535	-0,014	0,918	0,041	0,293	0,257
17,952	0,698	-0,627	0,294	0,901	0,009	0,338	0,261
17,968	0,524	-0,673	0,604	0,879	-0,024	0,385	0,267
17,984	0,284	-0,657	0,882	0,853	-0,059	0,435	0,274
18,000	-0,010	-0,568	1,094	0,821	-0,094	0,485	0,280
18,016	-0,332	-0,419	1,191	0,786	-0,129	0,532	0,285
18,032	-0,644	-0,253	1,141	0,749	-0,165	0,575	0,288
18,048	-0,917	-0,120	0,954	0,712	-0,200	0,614	0,286
18,064	-1,130	-0,053	0,660	0,675	-0,234	0,647	0,280
18,080	-1,267	-0,050	0,289	0,638	-0,267	0,675	0,270
18,096	-1,308	-0,074	-0,123	0,603	-0,299	0,699	0,256
18,112	-1,248	-0,079	-0,537	0,569	-0,330	0,719	0,238
18,128	-1,122	-0,036	-0,913	0,536	-0,359	0,736	0,219
18,144	-0,975	0,052	-1,233	0,504	-0,386	0,750	0,198
18,160	-0,810	0,169	-1,505	0,475	-0,411	0,761	0,176
18,176	-0,606	0,283	-1,745	0,449	-0,433	0,769	0,153
18,192	-0,341	0,370	-1,967	0,428	-0,451	0,775	0,129
18,208	-0,003	0,424	-2,167	0,412	-0,467	0,778	0,105
18,224	0,430	0,450	-2,336	0,402	-0,479	0,779	0,080
18,240	0,798	0,446	-2,407	0,400	-0,484	0,778	0,061
18,256	1,062	0,412	-2,394	0,403	-0,485	0,777	0,049
18,272	1,172	0,346	-2,308	0,411	-0,481	0,774	0,044
18,288	1,119	0,255	-2,166	0,424	-0,474	0,771	0,047
18,304	0,934	0,145	-1,996	0,442	-0,463	0,766	0,058
18,320	0,669	0,024	-1,829	0,463	-0,449	0,759	0,074
18,336	0,372	-0,096	-1,698	0,487	-0,435	0,749	0,095
18,352	0,081	-0,210	-1,619	0,514	-0,420	0,736	0,119
18,368	-0,186	-0,310	-1,589	0,543	-0,406	0,719	0,144
18,384	-0,641	-0,454	-1,622	0,603	-0,381	0,672	0,197
18,400	-0,641	-0,454	-1,622	0,603	-0,381	0,672	0,197
18,416	-0,840	-0,481	-1,664	0,632	-0,370	0,644	0,223
18,432	-1,038	-0,472	-1,710	0,660	-0,360	0,612	0,249
18,448	-1,461	-0,397	-1,743	0,708	-0,338	0,545	0,300
18,464	-1,678	-0,383	-1,687	0,728	-0,323	0,513	0,325
18,480	-1,888	-0,413	-1,551	0,745	-0,305	0,482	0,351
18,496	-2,076	-0,490	-1,290	0,759	-0,280	0,455	0,376
18,512	-2,220	-0,593	-0,851	0,770	-0,249	0,432	0,401
18,528	-2,284	-0,677	-0,196	0,778	-0,211	0,412	0,425
18,544	-2,192	-0,654	0,666	0,784	-0,164	0,397	0,447
18,560	-1,862	-0,453	1,655	0,788	-0,111	0,384	0,465
18,576	-1,260	-0,081	2,601	0,791	-0,054	0,371	0,479
18,592	-0,331	0,393	3,362	0,796	0,008	0,354	0,489
18,608	0,594	0,681	3,661	0,803	0,059	0,333	0,492
18,624	1,434	0,713	3,601	0,811	0,101	0,305	0,492
18,640	2,084	0,536	3,265	0,820	0,133	0,270	0,491
18,656	2,511	0,292	2,754	0,829	0,154	0,230	0,490
18,672	2,746	0,078	2,156	0,835	0,166	0,189	0,493
18,688	2,869	-0,026	1,557	0,839	0,171	0,151	0,499
18,704	2,680	0,050	1,301	0,838	0,171	0,120	0,508
18,720	2,208	0,277	1,484	0,835	0,168	0,099	0,518
18,736	1,543	0,497	1,866	0,831	0,164	0,087	0,528
18,752	0,773	0,577	2,270	0,828	0,162	0,081	0,534
18,768	0,066	0,485	2,538	0,826	0,162	0,078	0,537
18,784	-0,439	0,282	2,570	0,826	0,168	0,074	0,534
18,800	-0,668	0,066	2,338	0,829	0,180	0,071	0,525
18,816	-0,628	-0,090	1,873	0,833	0,198	0,067	0,510
18,832	-0,392	-0,163	1,260	0,840	0,221	0,063	0,490
18,848	-0,042	-0,158	0,610	0,847	0,245	0,060	0,465
18,864	0,345	-0,095	0,033	0,855	0,268	0,058	0,438
18,880	0,713	0,003	-0,396	0,864	0,287	0,059	0,409
18,896	1,018	0,115	-0,647	0,873	0,302	0,063	0,379
18,912	1,225	0,218	-0,748	0,883	0,310	0,070	0,349
18,928	1,314	0,295	-0,767	0,893	0,312	0,080	0,320
18,944	1,301	0,345	-0,751	0,903	0,307	0,094	0,291
18,960	1,221	0,353	-0,704	0,912	0,296	0,116	0,262
18,976	1,129	0,302	-0,629	0,919	0,282	0,140	0,239
18,992	1,043	0,206	-0,516	0,924	0,262	0,171	0,220
19,008	0,977	0,069	-0,357	0,925	0,240	0,207	0,204
19,024	0,927	-0,100	-0,154	0,923	0,214	0,250	0,193
19,040	0,875	-0,282	0,092	0,915	0,185	0,299	0,186
19,056	0,798	-0,441	0,379	0,902	0,154	0,352	0,183
19,072	0,675	-0,555	0,684	0,884	0,122	0,407	0,183
19,088	0,500	-0,603	0,962	0,860	0,087	0,463	0,186
19,104	0,276	-0,581	1,173	0,831	0,050	0,517	0,192
19,120	0,025	-0,509	1,281	0,799	0,012	0,567	0,198
19,136	-0,233	-0,419	1,283	0,764	-0,029	0,613	0,205
19,152	-0,500	-0,352	1,188	0,727	-0,071	0,653	0,210
19,168	-0,764	-0,326	0,990	0,688	-0,113	0,688	0,213
19,184	-1,004	-0,331	0,685	0,650	-0,157	0,717	0,214
19,200	-1,175	-0,346	0,286	0,612	-0,200	0,740	0,212
19,216	-1,244	-0,343	-0,170	0,576	-0,242	0,757	0,206
19,232	-1,213	-0,291	-0,634	0,541	-0,283	0,771	0,198
19,248	-1,118	-0,169	-1,062	0,509	-0,321	0,780	0,187
19,264	-0,978	0,023	-1,441	0,479	-0,356	0,787	0,175
19,280	-0,793	0,261	-1,765	0,451	-0,387	0,791	0,161
19,296	-0,554	0,505	-2,015	0,428	-0,414	0,793	0,147
19,312	-0,255	0,700	-2,182	0,409	-0,436	0,794	0,133
19,328	0,138	0,807	-2,277	0,393	-0,454	0,794	0,117
19,344	0,520	0,795	-2,292	0,385	-0,463	0,794	0,104
19,360	0,876	0,706	-2,242	0,381	-0,468	0,794	0,094
19,376	1,142	0,575	-2,142	0,382	-0,467	0,794	0,087
19,392	1,258	0,434	-2,016	0,388	-0,463	0,793	0,086
19,408	1,195	0,307	-1,888	0,397	-0,454	0,793	0,090
19,424	0,972	0,199	-1,777	0,409	-0,443	0,791	0,099
19,440	0,635	0,107	-1,692	0,424	-0,431	0,788	0,112
19,456	0,239	0,020	-1,628	0,442	-0,416	0,783	0,128
19,472	-0,166	-0,070	-1,564	0,464	-0,401	0,775	0,147
19,488	-0,534	-0,167	-1,484	0,490	-0,386	0,763	0,166
19,504	-0,829	-0,260	-1,392	0,519	-0,371	0,747	0,184
19,520	-1,041	-0,338	-1,322	0,551	-0,357	0,725	0,203
19,536	-1,185	-0,389	-1,319	0,587	-0,344	0,698	0,220
19,552	-1,302	-0,402	-1,403	0,623	-0,333	0,665	0,238
19,568	-1,443	-0,394	-1,544	0,659	-0,323	0,628	0,255
19,584	-1,635	-0,392	-1,678	0,692	-0,310	0,590	0,275
19,600	-1,872	-0,420	-1,736	0,722	-0,295	0,552	0,296
19,616	-2,104	-0,508	-1,647	0,748	-0,274	0,517	0,318
19,632	-2,245	-0,650	-1,349	0,767	-0,247	0,486	0,342
19,648	-2,216	-0,785	-0,821	0,781	-0,210	0,462	0,366
19,664	-1,998	-0,825	-0,076	0,790	-0,166	0,445	0,390
19,680	-1,619	-0,666	0,850	0,793	-0,114	0,435	0,411
19,696	-1,118	-0,258	1,877	0,793	-0,057	0,430	0,427
19,712	-0,436	0,371	2,949	0,790	0,006	0,428	0,438
19,728	0,265	0,843	3,634	0,790	0,058	0,424	0,440
19,744	0,972	1,021	3,883	0,794	0,101	0,413	0,437
19,760	1,580	0,880	3,650	0,803	0,134	0,395	0,431
19,776	2,024	0,538	3,033	0,816	0,155	0,368	0,424
19,792	2,316	0,144	2,230	0,830	0,167	0,335	0,418
19,808	2,500	-0,208	1,417	0,843	0,170	0,298	0,416
19,824	2,620	-0,481	0,683	0,853	0,168	0,260	0,420
19,840	2,729	-0,626	0,102	0,859	0,161	0,224	0,431
19,856	2,527	-0,611	-0,097	0,861	0,150	0,194	0,447
19,872	1,903	-0,512	0,139	0,857	0,136	0,171	0,468
19,888	0,955	-0,314	0,687	0,850	0,121	0,155	0,490
19,904	-0,048	-0,047	1,386	0,842	0,110	0,147	0,510
19,920	-0,760	0,249	2,053	0,834	0,106	0,147	0,524
19,936	-1,049	0,514	2,497	0,828	0,111	0,153	0,531
19,952	-0,977	0,663	2,631	0,826	0,123	0,161	0,528
19,968	-0,676	0,652	2,475	0,827	0,139	0,166	0,518
19,984	-0,265	0,523	2,099	0,834	0,159	0,167	0,501
20,000	0,172	0,364	1,589	0,843	0,179	0,165	0,478
20,016	0,572	0,257	1,021	0,854	0,198	0,162	0,450
20,032	0,885	0,231	0,469	0,867	0,214	0,160	0,419
20,048	1,094	0,257	0,004	0,880	0,226	0,161	0,386
20,064	1,211	0,287	-0,330	0,892	0,233	0,163	0,353
20,080	1,249	0,288	-0,551	0,905	0,233	0,169	0,317
20,096	1,218	0,248	-0,645	0,915	0,227	0,175	0,288
20,112	1,154	0,177	-0,673	0,924	0,216	0,182	0,263
20,128	1,086	0,092	-0,656	0,932	0,201	0,193	0,241
20,144	1,037	-0,003	-0,600	0,936	0,182	0,207	0,224
20,160	1,007	-0,103	-0,515	0,938	0,161	0,227	0,211
20,176	0,998	-0,201	-0,391	0,936	0,138	0,253	0,201
20,192	1,011	-0,294	-0,210	0,930	0,113	0,286	0,195
20,208	1,025	-0,376	0,056	0,919	0,086	0,327	0,191
20,224	0,996	-0,437	0,425	0,902	0,057	0,374	0,191
20,240	0,868	-0,468	0,843	0,880	0,026	0,425	0,193
20,256	0,605	-0,474	1,221	0,853	-0,008	0,477	0,197
20,272	0,215	-0,463	1,486	0,821	-0,044	0,528	0,202
20,288	-0,247	-0,448	1,584	0,786	-0,082	0,575	0,206
20,304	-0,702	-0,437	1,476	0,750	-0,123	0,617	0,208
20,320	-1,076	-0,439	1,156	0,713	-0,164	0,653	0,207
20,336	-1,332	-0,446	0,658	0,677	-0,205	0,682	0,202
20,352	-1,456	-0,430	0,050	0,642	-0,246	0,705	0,195
20,368	-1,463	-0,370	-0,582	0,609	-0,284	0,723	0,184
20,384	-1,177	-0,112	-1,593	0,551	-0,350	0,746	0,159
20,400	-1,177	-0,112	-1,593	0,551	-0,350	0,746	0,159
20,416	-0,898	0,049	-1,904	0,526	-0,376	0,753	0,144
20,432	-0,552	0,204	-2,106	0,505	-0,398	0,758	0,128
20,448	-0,178	0,333	-2,219	0,488	-0,415	0,763	0,113
20,464	0,214	0,436	-2,248	0,471	-0,429	0,767	0,098
20,480	0,496	0,491	-2,191	0,459	-0,437	0,771	0,087
20,496	0,673	0,511	-2,074	0,449	-0,440	0,775	0,082
20,512	0,740	0,495	-1,919	0,442	-0,439	0,779	0,080
20,528	0,655	0,349	-1,582	0,442	-0,427	0,784	0,090
20,544	0,582	0,231	-1,446	0,450	-0,416	0,784	0,100
20,560	0,582	0,231	-1,446	0,450	-0,416	0,784	0,100
20,576	0,518	0,103	-1,356	0,463	-0,404	0,780	0,112
20,592	0,410	-0,133	-1,349	0,501	-0,380	0,764	0,140
20,608	0,322	-0,236	-1,435	0,525	-0,368	0,750	0,156
20,624	0,170	-0,336	-1,560	0,551	-0,358	0,733	0,173
20,640	-0,056	-0,430	-1,693	0,578	-0,350	0,711	0,192
20,656	-0,349	-0,512	-1,809	0,605	-0,343	0,686	0,212
20,672	-0,682	-0,567	-1,894	0,632	-0,336	0,658	0,234
20,688	-1,029	-0,590	-1,934	0,658	-0,330	0,627	0,257
20,704	-1,363	-0,588	-1,911	0,682	-0,322	0,593	0,283
20,720	-1,664	-0,565	-1,824	0,704	-0,312	0,558	0,309
20,736	-1,934	-0,532	-1,668	0,724	-0,300	0,522	0,337
20,752	-2,184	-0,513	-1,425	0,742	-0,282	0,486	0,366
20,768	-2,400	-0,530	-1,060	0,757	-0,259	0,451	0,396
20,784	-2,530	-0,567	-0,535	0,770	-0,229	0,417	0,426
20,800	-2,493	-0,564	0,167	0,779	-0,192	0,385	0,456
20,816	-2,157	-0,410	1,100	0,786	-0,142	0,354	0,485
20,832	-1,538	-0,077	1,962	0,790	-0,091	0,330	0,507
20,848	-0,651	0,378	2,689	0,794	-0,038	0,308	0,524
20,864	0,371	0,792	3,130	0,797	0,012	0,286	0,534
20,880	1,344	1,024	3,214	0,802	0,056	0,262	0,539
20,896	2,109	1,041	2,979	0,808	0,091	0,236	0,539
20,912	2,608	0,887	2,545	0,814	0,116	0,208	0,536
20,928	2,881	0,637	2,029	0,820	0,130	0,181	0,533
20,944	3,005	0,403	1,535	0,825	0,135	0,155	0,532
20,960	2,762	0,210	1,366	0,827	0,133	0,135	0,533
20,976	2,122	0,070	1,550	0,828	0,125	0,121	0,537
20,992	1,253	-0,034	1,911	0,826	0,116	0,112	0,541
21,008	0,367	-0,098	2,297	0,825	0,109	0,107	0,546
21,024	-0,333	-0,108	2,571	0,824	0,107	0,105	0,547
21,040	-0,737	-0,060	2,661	0,826	0,111	0,105	0,543
21,056	-0,816	0,029	2,552	0,829	0,124	0,106	0,533
21,072	-0,619	0,129	2,256	0,836	0,142	0,107	0,517
21,088	-0,239	0,207	1,825	0,845	0,166	0,108	0,494
21,104	0,213	0,245	1,327	0,855	0,190	0,107	0,467
21,120	0,639	0,238	0,822	0,867	0,213	0,104	0,436
21,136	0,964	0,195	0,354	0,879	0,232	0,099	0,404
21,152	1,158	0,136	-0,043	0,891	0,245	0,093	0,371
21,168	1,232	0,083	-0,352	0,903	0,253	0,088	0,340
21,184	1,202	0,046	-0,583	0,915	0,254	0,086	0,307
21,200	1,110	0,031	-0,695	0,925	0,249	0,089	0,280
21,216	0,985	0,023	-0,728	0,933	0,240	0,098	0,256
21,232	0,850	0,006	-0,703	0,939	0,226	0,113	0,236
21,248	0,731	-0,023	-0,636	0,944	0,209	0,136	0,219
21,264	0,672	-0,053	-0,533	0,945	0,190	0,166	0,206
21,280	0,714	-0,079	-0,399	0,943	0,169	0,204	0,197
21,296	0,826	-0,136	-0,250	0,937	0,146	0,246	0,191
21,312	0,924	-0,252	-0,073	0,927	0,121	0,293	0,191
21,328	0,914	-0,407	0,133	0,913	0,093	0,341	0,195
21,344	0,776	-0,539	0,357	0,894	0,063	0,390	0,203
21,360	0,553	-0,593	0,604	0,869	0,031	0,442	0,213
21,376	0,287	-0,564	0,870	0,839	-0,003	0,493	0,224
21,392	-0,003	-0,475	1,105	0,803	-0,038	0,545	0,232
21,408	-0,316	-0,366	1,249	0,763	-0,074	0,596	0,238
21,424	-0,641	-0,279	1,255	0,719	-0,112	0,643	0,239
21,440	-0,959	-0,247	1,095	0,672	-0,151	0,686	0,236
21,456	-1,248	-0,278	0,770	0,624	-0,192	0,724	0,227
21,472	-1,474	-0,345	0,302	0,575	-0,234	0,756	0,214
21,488	-1,590	-0,390	-0,265	0,529	-0,277	0,781	0,198
21,504	-1,576	-0,357	-0,861	0,485	-0,319	0,799	0,178
21,520	-1,446	-0,226	-1,408	0,446	-0,359	0,809	0,156
21,536	-1,213	-0,021	-1,853	0,413	-0,397	0,814	0,132
21,552	-0,875	0,209	-2,169	0,386	-0,431	0,813	0,108
21,568	-0,385	0,442	-2,355	0,366	-0,463	0,808	0,081
21,584	0,126	0,599	-2,382	0,355	-0,486	0,801	0,058
21,600	0,656	0,692	-2,300	0,351	-0,502	0,793	0,036
21,616	1,145	0,719	-2,139	0,352	-0,513	0,785	0,018
21,632	1,537	0,683	-1,945	0,358	-0,518	0,779	0,006
21,648	1,784	0,598	-1,763	0,366	-0,519	0,774	0,000
21,664	1,853	0,480	-1,630	0,377	-0,516	0,770	0,001
21,680	1,729	0,355	-1,551	0,389	-0,509	0,768	0,011
21,696	1,425	0,242	-1,515	0,401	-0,499	0,767	0,027
21,712	0,984	0,154	-1,505	0,415	-0,487	0,766	0,049
21,728	0,472	0,090	-1,506	0,430	-0,473	0,764	0,076
21,744	-0,039	0,035	-1,514	0,446	-0,457	0,761	0,105
21,760	-0,493	-0,030	-1,526	0,466	-0,440	0,755	0,134
21,776	-0,856	-0,120	-1,542	0,488	-0,421	0,746	0,163
21,792	-1,118	-0,236	-1,559	0,515	-0,403	0,733	0,190
21,808	-1,292	-0,362	-1,572	0,544	-0,385	0,714	0,215
21,824	-1,403	-0,475	-1,577	0,576	-0,367	0,690	0,238
21,840	-1,486	-0,556	-1,572	0,609	-0,349	0,662	0,262
21,856	-1,579	-0,599	-1,553	0,643	-0,331	0,629	0,285
21,872	-1,702	-0,609	-1,501	0,675	-0,313	0,593	0,308
21,888	-1,847	-0,601	-1,385	0,704	-0,292	0,556	0,332
21,904	-2,005	-0,592	-1,175	0,729	-0,269	0,519	0,358
21,920	-2,160	-0,605	-0,832	0,750	-0,241	0,484	0,384
21,936	-2,270	-0,654	-0,270	0,768	-0,204	0,448	0,412
21,952	-2,237	-0,685	0,398	0,780	-0,165	0,419	0,437
21,968	-2,011	-0,634	1,191	0,787	-0,118	0,395	0,460
21,984	-1,550	-0,418	2,018	0,792	-0,066	0,373	0,479
22,000	-0,865	-0,021	2,731	0,794	-0,011	0,354	0,492
22,016	-0,027	0,457	3,205	0,797	0,045	0,336	0,500
22,032	0,857	0,843	3,369	0,799	0,097	0,318	0,502
22,048	1,668	0,998	3,206	0,804	0,140	0,297	0,500
22,064	2,316	0,916	2,761	0,811	0,174	0,274	0,493
22,080	2,788	0,701	2,134	0,818	0,197	0,248	0,486
22,096	3,144	0,445	1,443	0,826	0,208	0,222	0,481
22,112	3,459	0,186	0,784	0,832	0,210	0,197	0,479
22,128	3,465	0,000	0,391	0,836	0,201	0,173	0,483
22,144	2,902	-0,169	0,391	0,837	0,182	0,152	0,494
22,160	1,804	-0,296	0,728	0,835	0,157	0,134	0,508
22,176	0,497	-0,336	1,270	0,831	0,132	0,119	0,525
22,192	-0,582	-0,251	1,839	0,827	0,113	0,111	0,539
22,208	-1,183	-0,066	2,273	0,824	0,104	0,111	0,547
22,224	-1,291	0,156	2,471	0,822	0,106	0,116	0,548
22,240	-1,041	0,335	2,405	0,824	0,118	0,122	0,541
22,256	-0,585	0,446	2,094	0,828	0,135	0,127	0,528
22,272	-0,040	0,501	1,605	0,836	0,154	0,129	0,509
22,288	0,496	0,516	1,041	0,846	0,173	0,129	0,486
22,304	0,985	0,482	0,454	0,859	0,189	0,127	0,456
22,320	1,283	0,405	0,040	0,873	0,198	0,127	0,428
22,336	1,436	0,291	-0,239	0,886	0,200	0,127	0,400
22,352	1,458	0,155	-0,393	0,899	0,196	0,129	0,373
22,368	1,377	0,013	-0,452	0,910	0,187	0,133	0,349
22,384	1,231	-0,113	-0,456	0,919	0,174	0,142	0,327
22,400	1,063	-0,213	-0,432	0,927	0,158	0,154	0,308
22,416	0,914	-0,279	-0,393	0,931	0,140	0,173	0,293
22,432	0,810	-0,314	-0,331	0,932	0,120	0,197	0,281
22,448	0,760	-0,334	-0,236	0,929	0,098	0,228	0,272
22,464	0,751	-0,355	-0,099	0,922	0,076	0,266	0,266
22,480	0,761	-0,381	0,088	0,910	0,053	0,309	0,263
22,496	0,759	-0,407	0,330	0,894	0,029	0,356	0,263
22,512	0,707	-0,425	0,619	0,871	0,005	0,407	0,266
22,528	0,567	-0,426	0,926	0,844	-0,020	0,459	0,271
22,544	0,019	-0,343	1,357	0,775	-0,074	0,559	0,284
22,560	0,019	-0,343	1,357	0,775	-0,074	0,559	0,284
22,576	-0,331	-0,273	1,393	0,735	-0,103	0,605	0,289
22,592	-0,690	-0,213	1,294	0,694	-0,134	0,647	0,291
22,608	-1,325	-0,186	0,734	0,608	-0,200	0,717	0,286
22,624	-1,557	-0,213	0,321	0,565	-0,235	0,744	0,277
22,640	-1,712	-0,248	-0,146	0,525	-0,271	0,766	0,265
22,656	-1,764	-0,266	-0,642	0,487	-0,307	0,782	0,249
22,672	-1,679	-0,230	-1,180	0,451	-0,347	0,794	0,227
22,688	-1,476	-0,129	-1,593	0,423	-0,382	0,799	0,204
22,704	-1,164	0,028	-1,906	0,400	-0,415	0,800	0,179
22,720	-1,164	0,028	-1,906	0,400	-0,415	0,800	0,179
22,736	-0,754	0,208	-2,122	0,383	-0,446	0,797	0,152
22,752	0,259	0,502	-2,330	0,365	-0,495	0,785	0,095
22,768	0,773	0,577	-2,317	0,363	-0,512	0,778	0,069
22,784	1,217	0,598	-2,222	0,364	-0,523	0,771	0,046
22,800	1,540	0,577	-2,056	0,368	-0,529	0,766	0,029
22,816	1,697	0,524	-1,835	0,374	-0,530	0,763	0,020
22,832	1,671	0,454	-1,583	0,382	-0,525	0,762	0,018
22,848	1,479	0,384	-1,323	0,391	-0,517	0,761	0,023
22,864	1,168	0,321	-1,084	0,403	-0,507	0,762	0,035
22,880	0,809	0,263	-0,900	0,416	-0,494	0,761	0,050
22,896	0,479	0,195	-0,808	0,432	-0,481	0,759	0,068
22,912	0,224	0,105	-0,832	0,452	-0,467	0,754	0,086
22,928	0,050	-0,010	-0,970	0,477	-0,453	0,745	0,104
22,944	-0,067	-0,145	-1,196	0,505	-0,439	0,732	0,122
22,960	-0,171	-0,289	-1,470	0,537	-0,425	0,714	0,140
22,976	-0,298	-0,426	-1,745	0,571	-0,411	0,692	0,158
22,992	-0,477	-0,539	-1,978	0,605	-0,397	0,665	0,177
23,008	-0,715	-0,614	-2,131	0,639	-0,383	0,635	0,199
23,024	-1,001	-0,647	-2,180	0,671	-0,368	0,603	0,223
23,040	-1,345	-0,639	-2,105	0,704	-0,350	0,565	0,252
23,056	-1,648	-0,606	-1,926	0,729	-0,333	0,531	0,279
23,072	-1,918	-0,575	-1,660	0,750	-0,312	0,497	0,307
23,088	-2,130	-0,580	-1,323	0,768	-0,289	0,466	0,336
23,104	-2,274	-0,640	-0,923	0,782	-0,261	0,436	0,365
23,120	-2,332	-0,737	-0,450	0,793	-0,229	0,410	0,393
23,136	-2,269	-0,815	0,127	0,799	-0,190	0,387	0,420
23,152	-2,050	-0,796	0,818	0,803	-0,145	0,368	0,445
23,168	-1,655	-0,626	1,570	0,804	-0,095	0,353	0,467
23,184	-1,078	-0,280	2,289	0,804	-0,040	0,340	0,485
23,200	-0,342	0,204	2,858	0,802	0,015	0,328	0,498
23,216	0,473	0,692	3,167	0,802	0,068	0,315	0,505
23,232	1,245	1,013	3,161	0,803	0,114	0,298	0,507
23,248	1,863	1,070	2,864	0,806	0,150	0,276	0,506
23,264	2,292	0,892	2,385	0,811	0,175	0,250	0,505
23,280	2,575	0,589	1,858	0,816	0,190	0,220	0,504
23,296	2,808	0,260	1,359	0,820	0,194	0,189	0,508
23,312	2,947	0,067	1,017	0,822	0,190	0,158	0,515
23,328	2,618	0,055	1,110	0,821	0,178	0,132	0,528
23,344	1,891	0,193	1,573	0,818	0,161	0,111	0,542
23,360	1,014	0,364	2,140	0,814	0,145	0,099	0,554
23,376	0,196	0,475	2,610	0,812	0,133	0,094	0,562
23,392	-0,378	0,485	2,847	0,812	0,128	0,094	0,564
23,408	-0,671	0,392	2,811	0,814	0,130	0,096	0,558
23,424	-0,685	0,221	2,498	0,821	0,141	0,097	0,544
23,440	-0,456	0,082	2,033	0,831	0,157	0,096	0,523
23,456	-0,069	0,001	1,468	0,843	0,178	0,094	0,496
23,472	0,380	-0,019	0,887	0,856	0,200	0,094	0,464
23,488	0,805	-0,013	0,363	0,870	0,220	0,094	0,427
23,504	1,134	-0,015	-0,057	0,884	0,237	0,096	0,389
23,520	1,324	-0,047	-0,367	0,898	0,248	0,099	0,350
23,536	1,358	-0,106	-0,587	0,911	0,253	0,103	0,314
23,552	1,255	-0,173	-0,744	0,922	0,252	0,109	0,280
23,568	1,069	-0,229	-0,848	0,932	0,246	0,119	0,249
23,584	0,867	-0,254	-0,899	0,939	0,235	0,133	0,221
23,600	0,702	-0,237	-0,900	0,944	0,222	0,153	0,195
23,616	0,604	-0,176	-0,852	0,947	0,206	0,181	0,172
23,632	0,578	-0,084	-0,748	0,945	0,189	0,216	0,151
23,648	0,610	0,009	-0,585	0,940	0,170	0,258	0,133
23,664	0,663	0,069	-0,374	0,931	0,149	0,304	0,119
23,680	0,706	0,070	-0,135	0,918	0,127	0,353	0,109
23,696	0,722	0,010	0,110	0,902	0,101	0,403	0,104
23,712	0,704	-0,087	0,353	0,882	0,074	0,453	0,105
23,728	0,639	-0,194	0,599	0,858	0,044	0,501	0,109
23,744	0,506	-0,294	0,843	0,830	0,012	0,546	0,117
23,760	0,301	-0,382	1,033	0,800	-0,023	0,588	0,127
23,776	0,045	-0,452	1,116	0,767	-0,060	0,626	0,137
23,792	-0,248	-0,505	1,052	0,729	-0,105	0,662	0,147
23,808	-0,497	-0,524	0,869	0,694	-0,147	0,690	0,155
23,824	-0,724	-0,508	0,601	0,657	-0,190	0,714	0,160
23,840	-0,932	-0,453	0,276	0,619	-0,235	0,734	0,163
23,856	-1,108	-0,357	-0,094	0,580	-0,278	0,750	0,162
23,872	-1,220	-0,217	-0,499	0,542	-0,321	0,762	0,157
23,888	-1,246	-0,038	-0,919	0,505	-0,361	0,772	0,149
23,904	-1,166	0,173	-1,325	0,471	-0,398	0,778	0,137
23,920	-0,983	0,401	-1,678	0,442	-0,431	0,781	0,122
23,936	-0,701	0,622	-1,950	0,417	-0,458	0,782	0,105
23,952	-0,320	0,798	-2,129	0,400	-0,479	0,781	0,088
23,968	0,144	0,889	-2,227	0,390	-0,492	0,779	0,072
23,984	0,650	0,878	-2,259	0,387	-0,499	0,776	0,058
24,000	1,121	0,771	-2,238	0,391	-0,500	0,774	0,047
24,016	1,474	0,591	-2,180	0,400	-0,495	0,772	0,042
24,032	1,634	0,372	-2,100	0,412	-0,486	0,770	0,043
24,048	1,560	0,148	-2,001	0,427	-0,472	0,768	0,052
24,064	1,265	-0,051	-1,876	0,444	-0,456	0,767	0,068
24,080	0,810	-0,213	-1,725	0,463	-0,439	0,763	0,090
24,096	0,285	-0,331	-1,564	0,482	-0,421	0,758	0,116
24,112	-0,222	-0,413	-1,417	0,503	-0,404	0,749	0,143
24,128	-0,648	-0,463	-1,303	0,526	-0,389	0,736	0,171
24,144	-0,958	-0,482	-1,230	0,551	-0,376	0,718	0,198
24,160	-1,172	-0,466	-1,195	0,579	-0,366	0,693	0,227
24,176	-1,279	-0,424	-1,217	0,606	-0,359	0,665	0,251
24,192	-1,349	-0,367	-1,299	0,633	-0,354	0,633	0,274
24,208	-1,427	-0,311	-1,420	0,660	-0,348	0,597	0,296
24,224	-1,545	-0,263	-1,517	0,685	-0,341	0,560	0,319
24,240	-1,709	-0,230	-1,515	0,707	-0,330	0,524	0,343
24,256	-1,911	-0,224	-1,366	0,727	-0,314	0,489	0,367
24,272	-2,123	-0,258	-1,048	0,744	-0,290	0,458	0,392
24,288	-2,272	-0,316	-0,557	0,758	-0,259	0,431	0,417
24,304	-2,266	-0,346	0,098	0,769	-0,219	0,408	0,440
24,320	-2,041	-0,299	0,889	0,778	-0,172	0,389	0,462
24,336	-1,583	-0,163	1,723	0,785	-0,120	0,371	0,479
24,352	-0,923	0,019	2,453	0,791	-0,065	0,354	0,492
24,368	-0,141	0,181	2,955	0,798	-0,011	0,335	0,501
24,384	0,660	0,273	3,167	0,805	0,039	0,313	0,504
24,400	1,378	0,288	3,100	0,812	0,082	0,288	0,504
24,416	1,941	0,251	2,824	0,820	0,117	0,260	0,502
24,432	2,337	0,190	2,439	0,827	0,143	0,230	0,500
24,448	2,618	0,121	2,016	0,832	0,161	0,199	0,498
24,464	2,883	0,056	1,551	0,835	0,171	0,168	0,500
24,480	3,003	0,092	1,160	0,836	0,174	0,140	0,505
24,496	2,646	0,178	1,069	0,835	0,169	0,115	0,513
24,512	1,914	0,286	1,236	0,833	0,160	0,096	0,523
24,528	0,966	0,352	1,567	0,830	0,150	0,084	0,532
24,544	0,233	0,347	1,837	0,829	0,144	0,080	0,536
24,560	-0,252	0,285	1,966	0,830	0,142	0,080	0,534
24,576	-0,479	0,174	1,934	0,834	0,145	0,082	0,526
24,592	-0,471	0,045	1,756	0,840	0,153	0,084	0,513
24,608	-0,256	-0,038	1,455	0,849	0,164	0,087	0,493
24,624	0,094	-0,041	1,070	0,859	0,178	0,091	0,469
24,640	0,488	0,028	0,660	0,871	0,193	0,096	0,440
24,656	0,838	0,135	0,278	0,882	0,206	0,102	0,409
24,672	1,087	0,231	-0,031	0,894	0,214	0,109	0,378
24,688	1,215	0,255	-0,398	0,916	0,212	0,122	0,322
24,704	1,135	0,170	-0,473	0,925	0,201	0,129	0,300
24,720	1,135	0,170	-0,473	0,925	0,201	0,129	0,300
24,736	1,013	0,045	-0,499	0,933	0,186	0,139	0,281
24,752	0,781	-0,211	-0,466	0,942	0,144	0,170	0,255
24,768	0,699	-0,308	-0,408	0,942	0,119	0,193	0,247
24,784	0,648	-0,380	-0,284	0,939	0,094	0,223	0,242
24,800	0,618	-0,424	-0,076	0,932	0,067	0,258	0,239
24,816	0,585	-0,428	0,201	0,921	0,041	0,299	0,239
24,832	0,529	-0,386	0,517	0,906	0,015	0,343	0,241
24,848	0,427	-0,304	0,815	0,887	-0,011	0,388	0,244
24,864	0,268	-0,202	1,041	0,865	-0,038	0,433	0,248
24,880	0,055	-0,104	1,160	0,841	-0,066	0,476	0,250
24,896	-0,211	-0,028	1,153	0,812	-0,098	0,520	0,251
24,912	-0,440	0,007	1,019	0,785	-0,130	0,555	0,249
24,928	-0,619	0,010	0,785	0,758	-0,162	0,587	0,243
24,944	-0,743	-0,048	0,484	0,729	-0,196	0,615	0,234
24,960	-0,834	-0,183	0,161	0,699	-0,231	0,642	0,220
24,976	-0,907	-0,374	-0,154	0,666	-0,267	0,667	0,204
24,992	-0,956	-0,560	-0,456	0,632	-0,302	0,690	0,185
25,008	-0,971	-0,660	-0,744	0,594	-0,337	0,711	0,166
25,024	-0,975	-0,616	-1,001	0,555	-0,371	0,730	0,146
25,040	-0,985	-0,431	-1,231	0,517	-0,403	0,745	0,127
25,056	-0,971	-0,150	-1,456	0,480	-0,434	0,756	0,109
25,072	-0,858	0,162	-1,682	0,447	-0,463	0,763	0,090
25,088	-0,575	0,448	-1,892	0,421	-0,488	0,765	0,069
25,104	-0,115	0,666	-2,065	0,402	-0,509	0,764	0,048
25,120	0,452	0,788	-2,177	0,389	-0,526	0,760	0,028
25,136	1,011	0,805	-2,205	0,382	-0,537	0,756	0,011
25,152	1,446	0,728	-2,154	0,379	-0,542	0,753	0,001
25,168	1,679	0,578	-2,050	0,380	-0,542	0,751	-0,002
25,184	1,679	0,386	-1,926	0,386	-0,537	0,751	0,004
25,200	1,458	0,192	-1,809	0,393	-0,527	0,752	0,019
25,216	1,060	0,028	-1,712	0,404	-0,513	0,754	0,041
25,232	0,558	-0,090	-1,638	0,417	-0,497	0,755	0,068
25,248	0,041	-0,165	-1,580	0,433	-0,479	0,755	0,098
25,264	-0,458	-0,219	-1,528	0,454	-0,456	0,752	0,133
25,280	-0,789	-0,259	-1,489	0,477	-0,435	0,745	0,163
25,296	-0,997	-0,307	-1,459	0,503	-0,414	0,734	0,192
25,312	-1,100	-0,367	-1,438	0,533	-0,393	0,717	0,218
25,328	-1,135	-0,428	-1,423	0,566	-0,373	0,695	0,243
25,344	-1,139	-0,475	-1,410	0,599	-0,353	0,667	0,267
25,360	-1,146	-0,498	-1,400	0,633	-0,335	0,634	0,291
25,376	-1,196	-0,496	-1,388	0,666	-0,318	0,597	0,315
25,392	-1,321	-0,484	-1,351	0,696	-0,300	0,558	0,340
25,408	-1,535	-0,481	-1,261	0,722	-0,281	0,518	0,365
25,424	-1,833	-0,502	-1,080	0,744	-0,259	0,478	0,391
25,440	-2,152	-0,553	-0,747	0,761	-0,232	0,441	0,418
25,456	-2,381	-0,615	-0,220	0,774	-0,199	0,406	0,445
25,472	-2,394	-0,625	0,499	0,783	-0,158	0,375	0,471
25,488	-2,096	-0,512	1,351	0,789	-0,110	0,347	0,495
25,504	-1,483	-0,235	2,195	0,792	-0,055	0,320	0,516
25,520	-0,625	0,177	2,868	0,793	0,002	0,295	0,531
25,536	0,347	0,619	3,258	0,795	0,058	0,269	0,541
25,552	1,291	0,961	3,348	0,797	0,109	0,241	0,546
25,568	2,098	1,141	3,207	0,800	0,151	0,213	0,546
25,584	2,752	1,196	2,916	0,804	0,182	0,184	0,542
25,600	3,287	1,180	2,525	0,809	0,202	0,156	0,536
25,616	3,712	1,125	2,055	0,816	0,209	0,130	0,530
25,632	3,709	1,045	1,740	0,823	0,203	0,106	0,525
25,648	2,999	0,790	1,730	0,832	0,184	0,083	0,519
25,664	1,935	0,396	1,868	0,840	0,162	0,066	0,513
25,680	0,795	-0,054	1,996	0,850	0,139	0,054	0,506
25,696	-0,143	-0,465	2,053	0,860	0,120	0,045	0,495
25,712	-0,740	-0,750	1,992	0,869	0,109	0,040	0,481
25,728	-0,947	-0,887	1,819	0,879	0,108	0,039	0,463
25,744	-0,804	-0,865	1,546	0,889	0,115	0,040	0,442
25,760	-0,410	-0,700	1,195	0,897	0,130	0,045	0,418
25,776	0,101	-0,441	0,803	0,906	0,149	0,052	0,392
25,792	0,602	-0,148	0,404	0,914	0,168	0,059	0,364
25,808	0,999	0,121	0,026	0,921	0,185	0,066	0,336
25,824	1,247	0,320	-0,304	0,928	0,197	0,071	0,311
25,840	1,346	0,416	-0,570	0,935	0,202	0,075	0,288
25,856	1,319	0,409	-0,763	0,941	0,200	0,077	0,269
25,872	1,208	0,329	-0,885	0,946	0,192	0,081	0,255
25,888	1,061	0,208	-0,933	0,950	0,179	0,087	0,245
25,904	0,919	0,079	-0,907	0,953	0,162	0,099	0,239
25,920	0,819	-0,035	-0,808	0,953	0,143	0,118	0,237
25,936	0,782	-0,125	-0,629	0,952	0,122	0,145	0,237
25,952	0,807	-0,188	-0,364	0,946	0,099	0,181	0,239
25,968	0,863	-0,225	-0,031	0,937	0,075	0,225	0,243
25,984	0,906	-0,248	0,348	0,924	0,051	0,275	0,248
26,000	0,890	-0,262	0,747	0,906	0,025	0,329	0,254
26,016	0,760	-0,269	1,167	0,882	-0,005	0,388	0,262
26,032	0,525	-0,274	1,464	0,856	-0,036	0,438	0,270
26,048	0,191	-0,286	1,627	0,829	-0,070	0,483	0,277
26,064	-0,198	-0,310	1,612	0,801	-0,107	0,521	0,282
26,080	-0,584	-0,344	1,421	0,772	-0,148	0,554	0,283
26,096	-0,910	-0,392	1,096	0,743	-0,190	0,583	0,280
26,112	-1,139	-0,464	0,687	0,712	-0,234	0,608	0,271
26,128	-1,266	-0,550	0,225	0,680	-0,277	0,631	0,258
26,144	-1,298	-0,608	-0,271	0,645	-0,319	0,652	0,241
26,160	-1,257	-0,584	-0,774	0,608	-0,360	0,673	0,221
26,176	-1,186	-0,442	-1,234	0,568	-0,399	0,692	0,200
26,192	-1,120	-0,176	-1,600	0,527	-0,435	0,708	0,179
26,208	-1,060	0,175	-1,861	0,486	-0,468	0,722	0,159
26,224	-0,966	0,537	-2,036	0,450	-0,497	0,732	0,138
26,240	-0,775	0,827	-2,150	0,419	-0,522	0,738	0,115
26,256	-0,429	0,997	-2,226	0,397	-0,541	0,741	0,092
26,272	0,074	1,035	-2,262	0,384	-0,554	0,740	0,068
26,288	0,666	0,954	-2,237	0,380	-0,561	0,738	0,046
26,304	1,227	0,782	-2,140	0,381	-0,563	0,736	0,029
26,320	1,643	0,561	-1,990	0,388	-0,559	0,735	0,019
26,336	1,838	0,328	-1,818	0,398	-0,551	0,734	0,017
26,352	1,781	0,118	-1,651	0,410	-0,539	0,735	0,025
26,368	1,497	-0,045	-1,503	0,424	-0,525	0,735	0,041
26,384	1,054	-0,151	-1,379	0,439	-0,510	0,736	0,064
26,400	0,487	-0,211	-1,284	0,458	-0,491	0,733	0,094
26,416	0,004	-0,242	-1,249	0,478	-0,474	0,727	0,123
26,432	-0,389	-0,280	-1,283	0,502	-0,458	0,716	0,152
26,448	-0,677	-0,340	-1,395	0,530	-0,444	0,700	0,179
26,464	-0,877	-0,418	-1,575	0,560	-0,431	0,677	0,205
26,480	-1,034	-0,492	-1,786	0,593	-0,418	0,648	0,230
26,496	-1,196	-0,542	-1,969	0,626	-0,406	0,615	0,255
26,512	-1,391	-0,553	-2,063	0,657	-0,392	0,579	0,280
26,528	-1,623	-0,520	-2,021	0,686	-0,376	0,542	0,308
26,544	-1,868	-0,455	-1,824	0,710	-0,356	0,506	0,337
26,560	-2,074	-0,389	-1,480	0,731	-0,332	0,472	0,367
26,576	-2,169	-0,365	-1,017	0,748	-0,302	0,441	0,397
26,592	-2,129	-0,406	-0,488	0,761	-0,268	0,413	0,426
26,608	-1,973	-0,486	0,069	0,771	-0,229	0,389	0,453
26,624	-1,703	-0,523	0,673	0,777	-0,187	0,368	0,477
26,640	-1,323	-0,400	1,337	0,780	-0,141	0,352	0,499
26,656	-0,843	-0,056	2,030	0,781	-0,093	0,339	0,517
26,672	-0,270	0,439	2,652	0,781	-0,044	0,329	0,530
26,688	0,877	1,106	3,224	0,786	0,039	0,303	0,540
26,704	1,291	1,036	3,149	0,793	0,069	0,285	0,538
26,720	1,291	1,036	3,149	0,793	0,069	0,285	0,538
26,736	1,624	0,790	2,956	0,803	0,089	0,263	0,531
26,752	1,977	0,517	2,718	0,814	0,101	0,237	0,524
26,768	2,444	0,254	2,370	0,826	0,107	0,205	0,516
26,784	2,910	0,024	1,903	0,835	0,105	0,174	0,512
26,800	3,126	-0,157	1,438	0,841	0,096	0,144	0,512
26,816	2,746	-0,294	1,210	0,844	0,082	0,116	0,517
26,832	0,888	-0,326	1,288	0,843	0,051	0,076	0,532
26,848	0,888	-0,326	1,288	0,843	0,051	0,076	0,532
26,864	-0,003	-0,258	1,426	0,841	0,042	0,067	0,538
26,880	-0,561	-0,155	1,514	0,840	0,041	0,064	0,540
26,896	-0,650	0,078	1,344	0,843	0,061	0,071	0,530
26,912	-0,352	0,177	1,096	0,848	0,079	0,076	0,517
26,928	0,047	0,275	0,778	0,855	0,100	0,081	0,501
26,944	0,462	0,370	0,434	0,863	0,120	0,087	0,482
26,960	0,819	0,433	0,121	0,872	0,137	0,093	0,460
26,976	1,076	0,433	-0,110	0,881	0,149	0,099	0,438
26,992	1,218	0,360	-0,243	0,891	0,155	0,104	0,417
27,008	1,244	0,230	-0,294	0,900	0,154	0,110	0,396
27,024	1,172	0,070	-0,290	0,908	0,148	0,116	0,377
27,040	1,036	-0,094	-0,252	0,916	0,137	0,124	0,359
27,056	0,885	-0,236	-0,185	0,922	0,123	0,136	0,343
27,072	0,753	-0,328	-0,097	0,927	0,107	0,154	0,327
27,088	0,656	-0,360	0,008	0,928	0,090	0,180	0,312
27,104	0,598	-0,339	0,134	0,927	0,072	0,212	0,297
27,120	0,564	-0,278	0,306	0,922	0,052	0,256	0,281
27,136	0,542	-0,212	0,486	0,913	0,032	0,300	0,269
27,152	0,501	-0,158	0,662	0,900	0,012	0,346	0,258
27,168	0,420	-0,130	0,797	0,885	-0,011	0,391	0,249
27,184	0,291	-0,133	0,859	0,868	-0,036	0,433	0,242
27,200	0,124	-0,164	0,833	0,849	-0,063	0,470	0,237
27,216	-0,052	-0,218	0,724	0,830	-0,093	0,503	0,232
27,232	-0,212	-0,291	0,549	0,809	-0,125	0,531	0,228
27,248	-0,335	-0,380	0,337	0,786	-0,159	0,557	0,224
27,264	-0,409	-0,469	0,122	0,760	-0,194	0,582	0,219
27,280	-0,439	-0,545	-0,069	0,730	-0,230	0,608	0,213
27,296	-0,456	-0,594	-0,226	0,696	-0,266	0,634	0,207
27,312	-0,500	-0,603	-0,355	0,656	-0,302	0,661	0,199
27,328	-0,595	-0,546	-0,484	0,612	-0,337	0,688	0,192
27,344	-0,743	-0,399	-0,634	0,564	-0,371	0,712	0,184
27,360	-0,932	-0,163	-0,811	0,517	-0,404	0,734	0,175
27,376	-1,117	0,129	-1,019	0,471	-0,436	0,750	0,164
27,392	-1,216	0,425	-1,264	0,431	-0,466	0,761	0,151
27,408	-1,145	0,667	-1,536	0,399	-0,493	0,766	0,134
27,424	-0,859	0,818	-1,801	0,376	-0,517	0,766	0,114
27,440	-0,376	0,876	-2,011	0,363	-0,536	0,762	0,091
27,456	0,225	0,856	-2,125	0,357	-0,551	0,756	0,069
27,472	0,846	0,776	-2,125	0,357	-0,560	0,749	0,049
27,488	1,389	0,654	-2,032	0,362	-0,564	0,744	0,035
27,504	1,807	0,488	-1,876	0,371	-0,562	0,740	0,027
27,520	1,950	0,325	-1,731	0,382	-0,555	0,738	0,029
27,536	1,842	0,173	-1,595	0,394	-0,545	0,739	0,039
27,552	1,501	0,057	-1,469	0,405	-0,531	0,741	0,058
27,568	0,992	-0,012	-1,353	0,417	-0,515	0,743	0,082
27,584	0,410	-0,045	-1,258	0,430	-0,497	0,744	0,109
27,600	-0,146	-0,068	-1,206	0,446	-0,479	0,742	0,138
27,616	-0,601	-0,107	-1,213	0,465	-0,462	0,736	0,165
27,632	-0,917	-0,174	-1,276	0,490	-0,446	0,725	0,191
27,648	-1,097	-0,264	-1,386	0,518	-0,431	0,707	0,213
27,664	-1,177	-0,358	-1,523	0,551	-0,418	0,683	0,233
27,680	-1,213	-0,433	-1,660	0,585	-0,407	0,654	0,253
27,696	-1,262	-0,472	-1,769	0,619	-0,396	0,620	0,273
27,712	-1,369	-0,472	-1,824	0,653	-0,384	0,582	0,295
27,728	-1,551	-0,439	-1,808	0,683	-0,371	0,542	0,318
27,744	-1,800	-0,399	-1,707	0,711	-0,354	0,502	0,343
27,760	-2,074	-0,395	-1,494	0,734	-0,332	0,464	0,370
27,776	-2,314	-0,454	-1,147	0,754	-0,304	0,428	0,397
27,792	-2,458	-0,572	-0,648	0,769	-0,268	0,398	0,425
27,808	-2,440	-0,708	0,009	0,779	-0,223	0,372	0,452
27,824	-2,207	-0,765	0,802	0,786	-0,170	0,353	0,477
27,840	-1,737	-0,633	1,666	0,789	-0,110	0,338	0,499
27,856	-1,046	-0,271	2,493	0,789	-0,045	0,326	0,516
27,872	-0,098	0,315	3,187	0,789	0,027	0,314	0,527
27,888	0,801	0,827	3,492	0,790	0,088	0,301	0,529
27,904	1,613	1,133	3,490	0,793	0,139	0,284	0,526
27,920	2,249	1,154	3,256	0,799	0,178	0,262	0,519
27,936	2,705	0,961	2,887	0,807	0,204	0,236	0,509
27,952	3,042	0,677	2,431	0,817	0,218	0,205	0,500
27,968	3,338	0,374	1,886	0,826	0,221	0,172	0,494
27,984	3,501	0,166	1,362	0,833	0,215	0,140	0,492
28,000	3,181	0,003	1,104	0,839	0,201	0,109	0,495
28,016	2,387	-0,114	1,147	0,842	0,180	0,084	0,501
28,032	1,307	-0,199	1,416	0,845	0,159	0,065	0,508
28,048	0,300	-0,217	1,780	0,846	0,141	0,054	0,513
28,064	-0,418	-0,189	2,065	0,848	0,132	0,051	0,514
28,080	-0,778	-0,151	2,170	0,850	0,131	0,053	0,509
28,096	-0,816	-0,135	2,071	0,855	0,138	0,057	0,498
28,112	-0,625	-0,134	1,777	0,860	0,152	0,060	0,482
28,128	-0,295	-0,101	1,328	0,868	0,170	0,062	0,461
28,144	0,092	-0,003	0,796	0,876	0,190	0,063	0,437
28,160	0,467	0,147	0,263	0,885	0,209	0,064	0,410
28,176	0,772	0,304	-0,197	0,894	0,224	0,065	0,382
28,192	0,979	0,410	-0,543	0,903	0,235	0,067	0,355
28,208	1,077	0,435	-0,765	0,912	0,239	0,070	0,330
28,224	1,073	0,381	-0,881	0,920	0,237	0,073	0,309
28,240	0,986	0,255	-0,918	0,928	0,228	0,079	0,290
28,256	0,878	0,109	-0,893	0,934	0,215	0,088	0,277
28,272	0,785	-0,039	-0,823	0,938	0,199	0,102	0,267
28,288	0,734	-0,170	-0,706	0,940	0,180	0,124	0,261
28,304	0,724	-0,270	-0,536	0,939	0,159	0,155	0,257
28,320	0,742	-0,330	-0,300	0,935	0,137	0,194	0,254
28,336	0,766	-0,335	0,014	0,927	0,114	0,241	0,253
28,352	0,773	-0,270	0,392	0,913	0,090	0,295	0,252
28,368	0,735	-0,148	0,766	0,894	0,067	0,354	0,252
28,384	0,638	-0,010	1,070	0,871	0,044	0,414	0,253
28,400	0,486	0,099	1,262	0,844	0,020	0,471	0,253
28,416	0,288	0,138	1,335	0,814	-0,007	0,524	0,254
28,432	0,057	0,081	1,288	0,782	-0,036	0,572	0,253
28,448	-0,196	-0,071	1,109	0,749	-0,070	0,613	0,252
28,464	-0,451	-0,271	0,824	0,714	-0,106	0,651	0,248
28,480	-0,684	-0,455	0,473	0,676	-0,144	0,684	0,243
28,496	-0,872	-0,581	0,092	0,635	-0,183	0,715	0,235
28,512	-1,001	-0,626	-0,291	0,593	-0,222	0,742	0,226
28,528	-1,074	-0,580	-0,654	0,549	-0,261	0,766	0,215
28,544	-1,099	-0,445	-0,983	0,507	-0,298	0,785	0,203
28,560	-1,069	-0,243	-1,272	0,467	-0,333	0,799	0,189
28,576	-0,974	-0,016	-1,521	0,433	-0,366	0,808	0,174
28,592	-0,807	0,197	-1,724	0,405	-0,396	0,813	0,158
28,608	-0,572	0,376	-1,860	0,384	-0,422	0,813	0,141
28,624	-0,258	0,523	-1,904	0,368	-0,447	0,810	0,121
28,640	0,052	0,601	-1,847	0,360	-0,465	0,805	0,104
28,656	0,376	0,608	-1,726	0,356	-0,479	0,800	0,088
28,672	0,696	0,532	-1,564	0,356	-0,487	0,796	0,073
28,688	0,991	0,389	-1,388	0,360	-0,491	0,792	0,062
28,704	1,220	0,216	-1,219	0,365	-0,491	0,790	0,054
28,720	1,336	0,055	-1,069	0,371	-0,488	0,789	0,052
28,736	1,303	-0,060	-0,932	0,377	-0,482	0,789	0,055
28,752	1,122	-0,112	-0,807	0,384	-0,474	0,790	0,065
28,768	0,826	-0,108	-0,703	0,391	-0,465	0,790	0,079
28,784	0,484	-0,073	-0,641	0,401	-0,454	0,789	0,096
28,800	0,165	-0,044	-0,639	0,415	-0,442	0,786	0,115
28,816	-0,086	-0,045	-0,706	0,434	-0,431	0,779	0,133
28,832	-0,363	-0,165	-1,007	0,487	-0,411	0,752	0,166
28,848	-0,363	-0,165	-1,007	0,487	-0,411	0,752	0,166
28,864	-0,420	-0,261	-1,213	0,520	-0,403	0,731	0,180
28,880	-0,457	-0,351	-1,432	0,555	-0,395	0,704	0,194
28,896	-0,590	-0,444	-1,828	0,627	-0,382	0,640	0,225
28,912	-0,732	-0,433	-1,962	0,660	-0,375	0,604	0,242
28,928	-0,942	-0,390	-2,033	0,689	-0,367	0,568	0,262
28,944	-1,210	-0,338	-2,023	0,714	-0,356	0,533	0,285
28,960	-1,497	-0,306	-1,912	0,735	-0,342	0,501	0,309
28,976	-1,764	-0,318	-1,668	0,752	-0,320	0,470	0,338
28,992	-1,898	-0,378	-1,342	0,764	-0,294	0,448	0,364
29,008	-1,898	-0,378	-1,342	0,764	-0,294	0,448	0,364
29,024	-1,889	-0,451	-0,914	0,772	-0,262	0,431	0,390
29,040	-1,446	-0,415	0,232	0,777	-0,182	0,413	0,438
29,056	-1,102	-0,211	0,925	0,777	-0,137	0,410	0,458
29,072	-0,723	0,125	1,653	0,776	-0,090	0,408	0,473
29,088	-0,308	0,518	2,319	0,776	-0,045	0,406	0,483
29,104	0,136	0,820	2,796	0,778	-0,005	0,400	0,487
29,120	0,563	0,891	2,995	0,785	0,026	0,387	0,488
29,136	0,919	0,687	2,936	0,794	0,049	0,366	0,486
29,152	1,181	0,283	2,735	0,806	0,062	0,336	0,485
29,168	1,362	-0,174	2,513	0,818	0,070	0,299	0,486
29,184	1,506	-0,527	2,317	0,828	0,074	0,258	0,491
29,200	1,705	-0,656	2,131	0,834	0,077	0,219	0,500
29,216	2,086	-0,535	1,903	0,835	0,081	0,184	0,512
29,232	2,534	-0,110	1,706	0,833	0,085	0,158	0,526
29,248	2,694	0,429	1,690	0,828	0,087	0,140	0,540
29,264	2,455	0,900	1,795	0,822	0,084	0,130	0,552
29,280	1,840	1,146	1,922	0,817	0,078	0,123	0,561
29,296	1,019	1,147	2,009	0,815	0,068	0,118	0,566
29,312	0,252	0,969	1,998	0,817	0,058	0,114	0,564
29,328	-0,304	0,699	1,858	0,822	0,051	0,111	0,557
29,344	-0,594	0,401	1,611	0,832	0,049	0,108	0,542
29,360	-0,608	0,098	1,243	0,846	0,052	0,105	0,520
29,376	-0,412	-0,112	0,868	0,860	0,059	0,104	0,494
29,392	-0,107	-0,256	0,500	0,875	0,069	0,104	0,465
29,408	0,222	-0,339	0,175	0,890	0,080	0,106	0,435
29,424	0,513	-0,373	-0,093	0,904	0,091	0,109	0,403
29,440	0,711	-0,372	-0,319	0,916	0,099	0,114	0,373
29,456	0,798	-0,354	-0,512	0,927	0,104	0,120	0,344
29,472	0,792	-0,337	-0,667	0,936	0,105	0,127	0,317
29,488	0,729	-0,327	-0,786	0,943	0,103	0,137	0,293
29,504	0,640	-0,314	-0,874	0,948	0,098	0,149	0,271
29,520	0,552	-0,293	-0,937	0,951	0,090	0,165	0,252
29,536	0,485	-0,264	-0,971	0,952	0,081	0,184	0,235
29,552	0,452	-0,230	-0,968	0,951	0,070	0,207	0,221
29,568	0,454	-0,196	-0,918	0,948	0,057	0,234	0,210
29,584	0,484	-0,164	-0,811	0,942	0,043	0,266	0,201
29,600	0,527	-0,130	-0,648	0,932	0,028	0,301	0,194
29,616	0,564	-0,090	-0,443	0,919	0,012	0,341	0,189
29,632	0,575	-0,045	-0,219	0,903	-0,006	0,383	0,186
29,648	0,546	-0,008	-0,009	0,884	-0,026	0,426	0,183
29,664	0,475	0,009	0,161	0,863	-0,047	0,469	0,181
29,680	0,374	0,003	0,277	0,840	-0,071	0,508	0,179
29,696	0,262	-0,027	0,332	0,815	-0,097	0,545	0,177
29,712	0,145	-0,082	0,310	0,788	-0,127	0,579	0,174
29,728	0,058	-0,136	0,225	0,765	-0,155	0,605	0,171
29,744	-0,005	-0,191	0,098	0,742	-0,183	0,627	0,168
29,760	-0,031	-0,231	-0,039	0,720	-0,211	0,644	0,164
29,776	-0,026	-0,244	-0,157	0,698	-0,238	0,659	0,161
29,792	-0,018	-0,224	-0,239	0,675	-0,264	0,673	0,158
29,808	-0,018	-0,155	-0,288	0,652	-0,287	0,686	0,155
29,824	-0,032	-0,036	-0,320	0,628	-0,308	0,700	0,154
29,840	-0,071	0,110	-0,342	0,603	-0,327	0,713	0,152
29,856	-0,139	0,255	-0,365	0,578	-0,344	0,725	0,150
29,872	-0,226	0,375	-0,424	0,555	-0,359	0,737	0,148
29,888	-0,312	0,454	-0,537	0,534	-0,371	0,747	0,145
29,904	-0,373	0,480	-0,697	0,517	-0,383	0,754	0,142
29,920	-0,384	0,446	-0,891	0,504	-0,392	0,759	0,139
29,936	-0,334	0,351	-1,099	0,498	-0,398	0,760	0,137
29,952	-0,231	0,216	-1,285	0,497	-0,402	0,758	0,135
29,968	-0,094	0,097	-1,425	0,501	-0,403	0,754	0,136
29,984	0,055	0,034	-1,513	0,510	-0,402	0,748	0,140
30,000	0,179	-0,013	-1,579	0,523	-0,399	0,739	0,145
30,016	0,264	-0,096	-1,642	0,538	-0,394	0,729	0,153
30,032	0,313	-0,217	-1,686	0,554	-0,389	0,718	0,162
30,048	0,302	-0,339	-1,707	0,571	-0,384	0,705	0,173
30,064	0,193	-0,428	-1,700	0,586	-0,379	0,692	0,187
30,080	-0,019	-0,460	-1,648	0,599	-0,375	0,678	0,203
30,096	-0,332	-0,411	-1,531	0,612	-0,369	0,664	0,225
30,112	-0,620	-0,301	-1,385	0,622	-0,363	0,650	0,247
30,128	-0,859	-0,155	-1,222	0,631	-0,357	0,635	0,270
30,144	-1,017	-0,007	-1,066	0,641	-0,349	0,618	0,292
30,160	-1,091	0,116	-0,945	0,654	-0,341	0,599	0,313
30,176	-1,106	0,199	-0,882	0,668	-0,332	0,577	0,333
30,192	-1,092	0,227	-0,873	0,685	-0,322	0,552	0,350
30,208	-1,074	0,188	-0,890	0,703	-0,311	0,523	0,367
30,224	-1,079	0,080	-0,896	0,723	-0,297	0,493	0,383
30,240	-1,130	-0,081	-0,840	0,742	-0,280	0,461	0,398
30,256	-1,220	-0,263	-0,665	0,759	-0,258	0,429	0,415